0.0,0.002079219233816062,0.0021385328869316994,0.0010874848304352025,0.0011604676080747831,0.0008168274826631953,0.0,0.0,0.0,0.0,0.0,0.0,0.0,0.0,0.0,0.0,0.0,0.0,0.0009829994540978659,0.0,0.0008541895500554182,0.0,0.0,0.0,0.0,0.0,0.0,0.0,0.0,0.0,0.0,0.0,0.0,0.000880278953925773,0.0,0.0,0.0,0.0,0.0,0.0,0.0,0.0,0.0,0.0,0.0,0.0,0.0,0.0,0.0
0.0018647563811771918,0.0,0.002477704711628762,0.00138888487725085,0.0009493746087283342,0.0010396033910212083,0.0008177882865084025,0.0007808688622602097,0.0,0.0,0.0,0.0,0.0,0.0,0.0,0.0,0.0,0.0,0.0,0.0,0.0006810188814250415,0.0,0.0,0.0,0.0,0.0,0.0,0.0,0.0,0.0,0.0,0.0,0.0,0.0,0.0,0.0,0.0,0.0,0.0,0.0,0.0,0.0,0.0,0.0,0.0,0.0,0.0,0.0,0.0
0.0,0.0017164584954407023,0.0,0.0022125266545640386,0.001248515489285402,0.0012872352869893813,0.0009654831887954083,0.0008856577762566852,0.0008887359845437837,0.0,0.0,0.0,0.0,0.0,0.0,0.0,0.0,0.0,0.0,0.0,0.0,0.0007953871241245985,0.0,0.0,0.0,0.0,0.0,0.0,0.0,0.0,0.0,0.0,0.0,0.0,0.0,0.0,0.0,0.0,0.0,0.0,0.0,0.0,0.0,0.0,0.0,0.0,0.0,0.0,0.0
0.0,0.0011215620093906681,0.00204046406190165,0.0,0.0015165183944544336,0.0016821563243420243,0.0010402934632906308,0.0009952383508568794,0.0008558305218680298,0.0,0.0,0.0,0.0,0.0,0.0,0.0,0.0,0.0,0.0,0.0,0.0,0.0007479368738956826,0.0,0.0,0.0,0.0,0.0,0.0,0.0,0.0,0.0,0.0,0.0,0.0,0.0,0.0,0.0,0.0,0.0,0.0,0.0,0.0,0.0,0.0,0.0,0.0,0.0,0.0,0.0
0.0,0.0007367481685248136,0.001036118262050024,0.001710974979350911,0.0,0.0024856818757866693,0.0011755941991419205,0.0011783638314967508,0.000885882994169051,0.0007906356894798599,0.0,0.0,0.0,0.0,0.0,0.0,0.0,0.0,0.0,0.0,0.0,0.0,0.0,0.0,0.0,0.0,0.0,0.0,0.0,0.0,0.0,0.0,0.0,0.0,0.0,0.0,0.0,0.0,0.0,0.0,0.0,0.0,0.0,0.0,0.0,0.0,0.0,0.0,0.0
0.0,0.0,0.0008561345617912091,0.0012131721645378608,0.0014126162657240435,0.0,0.0019110757991754879,0.0016789075707285223,0.0012049340281210426,0.0010046232126983215,0.0007185363972235122,0.0,0.0,0.0,0.0,0.0,0.0,0.0,0.0,0.0,0.0,0.0,0.0,0.0,0.0,0.0,0.0,0.0,0.0,0.0,0.0,0.0,0.0,0.0,0.0,0.0,0.0,0.0,0.0,0.0,0.0,0.0,0.0,0.0,0.0,0.0,0.0,0.0,0.0
0.0,0.0,0.0,0.0007958632026397335,0.000855732583676952,0.0023372297644520547,0.0,0.002242804232727797,0.0013396659024039873,0.0010538155584294221,0.0007276748925920846,0.0006472138630779694,0.0,0.0,0.0,0.0,0.0,0.0,0.0,0.0,0.0,0.0,0.0,0.0,0.0,0.0,0.0,0.0,0.0,0.0,0.0,0.0,0.0,0.0,0.0,0.0,0.0,0.0,0.0,0.0,0.0,0.0,0.0,0.0,0.0,0.0,0.0,0.0,0.0
0.0,0.0,0.0,0.0006927940922839226,0.0007224717469452065,0.0016731394370137003,0.0019175478050302373,0.0,0.0019046515385585242,0.0014165222242286358,0.0008941500582582312,0.0007787230976815414,0.0,0.0,0.0,0.0,0.0,0.0,0.0,0.0,0.0,0.0,0.0,0.0,0.0,0.0,0.0,0.0,0.0,0.0,0.0,0.0,0.0,0.0,0.0,0.0,0.0,0.0,0.0,0.0,0.0,0.0,0.0,0.0,0.0,0.0,0.0,0.0,0.0
0.0,0.0,0.0,0.0,0.0,0.001180118677956379,0.0011810066469688796,0.002302159861515328,0.0,0.0020513860084585044,0.0011736887285018222,0.0009348735952101152,0.0,0.0006143041691403373,0.0,0.0005624623122486359,0.0,0.0,0.0,0.0,0.0,0.0,0.0,0.0,0.0,0.0,0.0,0.0,0.0,0.0,0.0,0.0,0.0,0.0,0.0,0.0,0.0,0.0,0.0,0.0,0.0,0.0,0.0,0.0,0.0,0.0,0.0,0.0,0.0
0.0,0.0,0.0,0.0,0.0,0.0009526894214500731,0.0008615127275079228,0.0015456914470864695,0.001963285536301779,0.0,0.0018366287313324723,0.0013502028192804883,0.0,0.0007880556903062078,0.0,0.0007019336267345887,0.0,0.0,0.0,0.0,0.0,0.0,0.0,0.0,0.0,0.0,0.0,0.0,0.0,0.0,0.0,0.0,0.0,0.0,0.0,0.0,0.0,0.0,0.0,0.0,0.0,0.0,0.0,0.0,0.0,0.0,0.0,0.0,0.0
0.0,0.0,0.0,0.0,0.0,0.0007493693486034865,0.0,0.001139216872539391,0.0012685034499038284,0.0021204104024756414,0.0,0.0020497776443985506,0.000919543411015959,0.0009756118621644934,0.0,0.0007775670088986508,0.0,0.0,0.0,0.0,0.0,0.0,0.0,0.0,0.0,0.0,0.0,0.0,0.0,0.0,0.0,0.0,0.0,0.0,0.0,0.0,0.0,0.0,0.0,0.0,0.0,0.0,0.0,0.0,0.0,0.0,0.0,0.0,0.0
0.0,0.0,0.0,0.0,0.0,0.0,0.0,0.0009071790789072258,0.0010238999055533016,0.0014446043177230704,0.0018656420254374987,0.0,0.0015785688775248048,0.0013958831100728225,0.0008319841409144547,0.000952238543866821,0.0,0.0,0.0,0.0,0.0,0.0,0.0,0.0,0.0,0.0,0.0,0.0,0.0,0.0,0.0,0.0,0.0,0.0,0.0,0.0,0.0,0.0,0.0,0.0,0.0,0.0,0.0,0.0,0.0,0.0,0.0,0.0,0.0
0.0,0.0,0.0,0.0,0.0,0.0,0.0,0.0,0.0007710725845452639,0.0009894403598353614,0.0011629388912312549,0.0020282556715315904,0.0,0.0020004777742798643,0.001099200354912167,0.0011434450253697684,0.0008051693382947309,0.0,0.0,0.0,0.0,0.0,0.0,0.0,0.0,0.0,0.0,0.0,0.0,0.0,0.0,0.0,0.0,0.0,0.0,0.0,0.0,0.0,0.0,0.0,0.0,0.0,0.0,0.0,0.0,0.0,0.0,0.0,0.0
0.0,0.0,0.0,0.0,0.0,0.0,0.0,0.0,0.0,0.0008435518531053065,0.0008868189753927072,0.0014348423207792948,0.0016015757903261145,0.0,0.0016400649446369948,0.0016105097322445,0.0010232279612441377,0.000959408422270944,0.0,0.0,0.0,0.0,0.0,0.0,0.0,0.0,0.0,0.0,0.0,0.0,0.0,0.0,0.0,0.0,0.0,0.0,0.0,0.0,0.0,0.0,0.0,0.0,0.0,0.0,0.0,0.0,0.0,0.0,0.0
0.0,0.0,0.0,0.0,0.0,0.0,0.0,0.0,0.0,0.0006511485869996711,0.000659254570622301,0.0010215239703311246,0.0009997483711223685,0.0019557606274309297,0.0,0.0022790447246620795,0.001288377850178857,0.0011451412986526696,0.0,0.0,0.0,0.0,0.0,0.0,0.0,0.0,0.0,0.0,0.0,0.0,0.0,0.0,0.0,0.0,0.0,0.0,0.0,0.0,0.0,0.0,0.0,0.0,0.0,0.0,0.0,0.0,0.0,0.0,0.0
0.0,0.0,0.0,0.0,0.0,0.0,0.0,0.0,0.0,0.0006232050408849211,0.0,0.0008917814474066163,0.0008113279616348637,0.0014472474274001884,0.0017245294500598547,0.0,0.0021870949178555057,0.001689578467041676,0.0,0.0,0.0,0.0,0.0,0.0,0.0,0.0,0.0,0.0,0.0,0.0,0.0,0.0006252352877163742,0.0,0.0,0.0,0.0,0.0,0.0,0.0,0.0,0.0,0.0,0.0,0.0,0.0,0.0,0.0,0.0,0.0
0.0,0.0,0.0,0.0,0.0,0.0,0.0,0.0,0.0,0.0,0.0,0.0007515766505116056,0.0006486978339214841,0.0010902025348643763,0.0011088728738394397,0.002565231562827825,0.0,0.0024981828078649783,0.0,0.0,0.0,0.0,0.0,0.0,0.0,0.0,0.0,0.0,0.0,0.0,0.0,0.0007027493977034267,0.0006344863384668652,0.0,0.0,0.0,0.0,0.0,0.0,0.0,0.0,0.0,0.0,0.0,0.0,0.0,0.0,0.0,0.0
0.0,0.0,0.0,0.0,0.0,0.0,0.0,0.0,0.0,0.0,0.0,0.0007920018523466879,0.0,0.001061006537409879,0.001025262267088694,0.0019863075138316314,0.0026290016841708152,0.0,0.0,0.0,0.0,0.0,0.0,0.0,0.0,0.0,0.0,0.0,0.0,0.000724559172325594,0.0,0.0009068273703564953,0.0008750336024702035,0.0,0.0,0.0,0.0,0.0,0.0,0.0,0.0,0.0,0.0,0.0,0.0,0.0,0.0,0.0,0.0
0.001382336743729967,0.0,0.0012562605887992276,0.0007331548783143997,0.0008392451102560184,0.0,0.0,0.0,0.0,0.0,0.0,0.0,0.0,0.0,0.0,0.0,0.0,0.0,0.0,0.0016643592139305254,0.0019007207870173968,0.0010941794270219471,0.0011297432509305174,0.0,0.0,0.0,0.0,0.0,0.0,0.0,0.0,0.0,0.0,0.0,0.0,0.0,0.0,0.0,0.0,0.0,0.0,0.0,0.0,0.0,0.0,0.0,0.0,0.0,0.0
0.0009294262498257247,0.0,0.0010488193946964818,0.0,0.0,0.0008271296480469697,0.0,0.0,0.0,0.0,0.0,0.0,0.0,0.0,0.0,0.0,0.0,0.0,0.0015994124050712109,0.0,0.0024119644925167413,0.0014390370076496043,0.0009558343945636305,0.0007883764076296378,0.0,0.0,0.0,0.0,0.0,0.0,0.0,0.0,0.0,0.0,0.0,0.0,0.0,0.0,0.0,0.0,0.0,0.0,0.0,0.0,0.0,0.0,0.0,0.0,0.0
0.0,0.0,0.0011834090789147856,0.0,0.0,0.0008790604587055894,0.0,0.0,0.0009155281030470816,0.0,0.0,0.0,0.0,0.0,0.0,0.0,0.0,0.0,0.0010707278628944176,0.0015647638005854012,0.0,0.0021101085172024227,0.0013909703466100961,0.0008854318320402046,0.0,0.0,0.0,0.0,0.0,0.0,0.0,0.0,0.0,0.0,0.0,0.0,0.0,0.0,0.0,0.0,0.0,0.0,0.0,0.0,0.0,0.0,0.0,0.0,0.0
0.0,0.0,0.0012042313460401866,0.0,0.0,0.0007215884916213412,0.0008710641929590112,0.0,0.0010491809325963333,0.0,0.000838514851160512,0.0,0.0,0.0,0.0,0.0,0.0,0.0,0.0008377759997545256,0.0,0.002228692786629011,0.0,0.002248951399239078,0.0,0.0,0.0,0.0,0.0,0.0,0.0,0.0,0.0,0.0,0.0,0.0,0.0,0.0,0.0,0.0,0.0,0.0,0.0,0.0,0.0,0.0,0.0,0.0,0.0,0.0
0.0,0.0,0.0010980919857252937,0.0,0.0,0.0,0.0,0.0,0.001131755243080137,0.0,0.0009136172105325626,0.0,0.0,0.0,0.0,0.0,0.0,0.0,0.0,0.0,0.0012665227290345716,0.0017868091815974446,0.0,0.001880692853648263,0.0,0.0010714854049564057,0.0008510253914253215,0.0,0.0,0.0,0.0,0.0,0.0,0.0,0.0,0.0,0.0,0.0,0.0,0.0,0.0,0.0,0.0,0.0,0.0,0.0,0.0,0.0,0.0
0.0,0.0,0.0,0.0,0.0,0.0,0.0009291881637685723,0.0,0.001225106274765557,0.0,0.0009472451259713582,0.0,0.0,0.0,0.0,0.0,0.0,0.0,0.0,0.0,0.0010019640547802634,0.0014707732302040638,0.001994468411137468,0.0,0.0,0.0013728648138943474,0.0010583899254783691,0.0,0.0,0.0,0.0,0.0,0.0,0.0,0.0,0.0,0.0,0.0,0.0,0.0,0.0,0.0,0.0,0.0,0.0,0.0,0.0,0.0,0.0
0.0,0.0,0.0,0.0,0.0,0.0,0.0,0.0009107594324153782,0.001083323870719906,0.0009287460404803351,0.0,0.0,0.0,0.0,0.0,0.0,0.0,0.0,0.0,0.0,0.0,0.001040382395054518,0.0009682372246928717,0.002034962387241772,0.0,0.0017597029555862895,0.0012738856938089302,0.0,0.0,0.0,0.0,0.0,0.0,0.0,0.0,0.0,0.0,0.0,0.0,0.0,0.0,0.0,0.0,0.0,0.0,0.0,0.0,0.0,0.0
0.0,0.0,0.0,0.0,0.0,0.0,0.0,0.0,0.00100107781308153,0.0008226113692008985,0.0009358527162543393,0.0,0.0,0.0,0.0,0.0,0.0,0.0,0.0,0.0,0.0,0.0,0.0,0.0011585619109775996,0.0009901105081214535,0.0,0.0031430990415470474,0.0012389841600974054,0.0007097024807197268,0.0,0.0,0.0,0.0,0.0,0.0,0.0,0.0,0.0,0.0,0.0,0.0,0.0,0.0,0.0,0.0,0.0,0.0,0.0,0.0
0.0,0.0,0.0,0.0,0.0,0.0006964566779835105,0.0,0.0,0.0008368746418877426,0.0008973460864502322,0.0009341026246698592,0.0,0.0,0.0,0.0,0.0,0.0,0.0,0.0,0.0,0.0,0.0,0.0,0.0007180472804728209,0.0,0.002930791440133011,0.0,0.00167297520649349,0.001313406041909334,0.0,0.0,0.0,0.0,0.0,0.0,0.0,0.0,0.0,0.0,0.0,0.0,0.0,0.0,0.0,0.0,0.0,0.0,0.0,0.0
0.0,0.0,0.0,0.0,0.0,0.0,0.0,0.0,0.0007114694811787231,0.000816233711749927,0.0008137173245945824,0.0,0.0,0.0,0.0,0.0007987276149513269,0.0,0.0,0.0,0.0,0.0,0.0,0.0,0.0,0.0,0.0014552418684439794,0.002591496312201796,0.0,0.002086414204821193,0.0,0.0,0.0,0.0,0.0,0.0,0.0,0.0,0.0,0.0,0.0,0.0,0.0,0.0,0.0007266994820584727,0.0,0.0,0.0,0.0,0.0
0.0,0.0,0.0,0.0,0.0,0.0,0.0,0.0,0.0,0.0008147874897752213,0.0008907347588002905,0.0,0.0,0.0,0.0,0.0008125230926870047,0.0,0.0008536454814580662,0.0,0.0,0.0,0.0,0.0,0.0,0.0,0.0016764806982201145,0.0024892138599229307,0.0015776245440709028,0.0,0.0008849900750654678,0.0,0.0,0.0,0.0,0.0,0.0,0.0,0.0,0.0,0.0,0.0,0.0,0.0,0.0,0.0,0.0,0.0,0.0,0.0
0.0,0.0,0.0,0.0,0.0,0.0,0.0,0.0,0.0,0.0,0.0,0.0,0.0,0.0,0.0,0.0009446704340065023,0.0010316128139321536,0.0011142973467278235,0.0,0.0,0.0,0.0,0.0,0.0,0.0,0.001251014937411639,0.0016715567066587344,0.0010060301170347968,0.002014455952080384,0.0,0.0,0.0,0.0,0.0,0.0,0.0,0.0,0.0,0.0,0.0,0.0,0.0,0.0,0.0,0.0,0.0,0.0009663616921479673,0.0,0.0
0.0,0.0,0.0,0.0,0.0,0.0,0.0,0.0,0.0,0.0,0.0,0.0,0.0,0.0,0.0,0.0,0.0,0.0,0.0,0.0,0.0,0.0,0.0,0.0,0.0,0.0,0.0,0.0,0.0009692453348563604,0.0016519711976546835,0.0,0.001958284259349495,0.00121507206506709,0.0,0.0,0.0,0.0,0.0,0.0,0.0,0.0,0.0,0.0,0.0,0.0,0.0010559492569017501,0.001120476710422774,0.0009599520428854627,0.001069049132862384
0.0,0.0,0.0,0.0,0.0,0.0,0.0,0.0,0.0,0.0,0.0009350902916290637,0.0,0.0,0.0,0.001213059334560507,0.0,0.0014793326497278994,0.0011672754243149896,0.0,0.0,0.0,0.0,0.0,0.0,0.0,0.0,0.0,0.0,0.0009355491712600654,0.0017369022715143113,0.0,0.0,0.0014308517670960344,0.0,0.0,0.0,0.0,0.0,0.0,0.0,0.0,0.0,0.0,0.0,0.0,0.0,0.0,0.0,0.00110193908989713
0.0,0.0,0.0,0.0,0.0,0.0,0.0,0.0,0.0,0.0,0.0,0.0,0.0,0.0009065638856326388,0.001265412631664431,0.0012059577508942976,0.00145576048721171,0.0014053532287869777,0.0,0.0,0.0,0.0,0.0,0.0,0.0,0.0,0.0,0.0,0.0008473078116096563,0.001269768443069655,0.0,0.0016438757611306335,0.0,0.0,0.0,0.0,0.0,0.0,0.0,0.0,0.0,0.0,0.0,0.0,0.0,0.0,0.0,0.0,0.0
0.0,0.0,0.0010883075998125433,0.0,0.0,0.0,0.0,0.0,0.0008880781419180233,0.0,0.0,0.0,0.0,0.0,0.0,0.0,0.0,0.0,0.0015679223985612931,0.0010483090764258041,0.0015209395444148693,0.001243361723713146,0.001418109703284604,0.0,0.0,0.0,0.0,0.0,0.0,0.0,0.0,0.0,0.0,0.0,0.001224971811869717,0.0,0.0,0.0,0.0,0.0,0.0,0.0,0.0,0.0,0.0,0.0,0.0,0.0,0.0
0.0,0.0,0.001053816329914996,0.0,0.0,0.0,0.0,0.0,0.0010229864614947945,0.0,0.0,0.0,0.0,0.0,0.0,0.0,0.0,0.0,0.0010577910863390123,0.0010810258184439387,0.0014629069946143203,0.0013147484574467494,0.0011369938225992094,0.0,0.0,0.0,0.0,0.0,0.0,0.0,0.0,0.0,0.0,0.0,0.0,0.001869731029146979,0.0,0.0,0.0,0.0,0.0,0.0,0.0,0.0,0.0,0.0,0.0,0.0,0.0
0.0,0.0,0.0012448104891641463,0.0,0.0,0.0,0.0,0.0,0.001271155538180962,0.0,0.0010608128126144052,0.0,0.0,0.0,0.0,0.0,0.0,0.0,0.0010397621649740358,0.0009303043285735333,0.0015929979024218064,0.0014970668849631657,0.0013630898791079458,0.0,0.0,0.0,0.0,0.0,0.0,0.0,0.0,0.0,0.0,0.0,0.0,0.0,0.0,0.0,0.0,0.0,0.0,0.0,0.0,0.0,0.0,0.0,0.0,0.0,0.0
0.0,0.0,0.0010596690532462417,0.0,0.0,0.0,0.0,0.0,0.0,0.0,0.0,0.0,0.0,0.0,0.0,0.0,0.0,0.0,0.0,0.0,0.00130725930271601,0.0011171706561626208,0.0013707177928879916,0.0,0.0,0.0,0.0,0.0,0.0,0.0,0.0,0.0,0.0,0.0,0.0010632309330119334,0.0015901423415819937,0.0,0.0013185860836645849,0.0011732238367286245,0.0,0.0,0.0,0.0,0.0,0.0,0.0,0.0,0.0,0.0
0.0,0.0,0.0008983731092594728,0.0,0.0,0.0,0.0,0.0,0.0010347231992969856,0.0,0.0,0.0,0.0,0.0,0.0,0.0,0.0,0.0,0.0,0.0,0.0,0.0009520309151636025,0.0012354340436149492,0.0018177602510400016,0.0008814534106496664,0.0017671129417654715,0.001413112129209851,0.0,0.0,0.0,0.0,0.0,0.0,0.0,0.0,0.0,0.0,0.0,0.0,0.0,0.0,0.0,0.0,0.0,0.0,0.0,0.0,0.0,0.0
0.0,0.0,0.0,0.0,0.0,0.0,0.0,0.0,0.0011703199668833919,0.0,0.0009986216716359728,0.0,0.0,0.0,0.0,0.0,0.0,0.0,0.0,0.0,0.0009835305644417967,0.0011930278558624564,0.0013088929061603877,0.001466766165196681,0.0,0.0016229042985347103,0.0012559365712846028,0.0,0.0,0.0,0.0,0.0,0.0,0.0,0.0,0.0,0.0,0.0,0.0,0.0,0.0,0.0,0.0,0.0,0.0,0.0,0.0,0.0,0.0
0.0,0.0,0.0,0.0,0.0,0.0,0.0,0.0,0.0009853583282416086,0.0,0.0008554285717032425,0.0,0.0,0.0,0.0,0.0,0.0,0.0,0.0,0.0,0.0,0.0008665561981499424,0.0,0.0016676925966436387,0.0011268103096111054,0.001950177443785832,0.001563373864506446,0.0009846026873581843,0.0,0.0,0.0,0.0,0.0,0.0,0.0,0.0,0.0,0.0,0.0,0.0,0.0,0.0,0.0,0.0,0.0,0.0,0.0,0.0,0.0
0.0,0.0,0.0,0.0,0.0,0.0,0.0,0.0,0.0009679371607017365,0.0006716814634800546,0.0008776046285046354,0.0,0.0,0.0,0.0,0.0,0.0,0.0,0.0,0.0,0.0,0.0,0.0,0.0014939087620117802,0.0011157173369651947,0.0021479203874078426,0.0017182881609737726,0.0010069420999549818,0.0,0.0,0.0,0.0,0.0,0.0,0.0,0.0,0.0,0.0,0.0,0.0,0.0,0.0,0.0,0.0,0.0,0.0,0.0,0.0,0.0
0.0,0.0,0.0,0.0,0.0,0.0,0.0,0.0,0.0,0.0,0.0,0.0,0.0,0.0,0.0,0.0,0.0,0.0,0.0,0.0,0.0,0.0,0.0,0.0,0.0,0.0010736835355349516,0.0009992676124318382,0.0,0.0,0.0,0.0,0.0,0.0,0.0,0.0,0.0,0.0,0.0009041110551118364,0.001010247103050578,0.0014643723317039584,0.0016185108532387133,0.0,0.0011880775543273085,0.001741729954600816,0.0,0.0,0.0,0.0,0.0
0.0,0.0,0.0,0.0,0.0,0.0,0.0,0.0,0.0,0.0,0.0,0.0,0.0,0.0,0.0,0.0,0.0,0.0,0.0,0.0,0.0,0.0,0.0,0.0,0.0,0.0,0.0,0.0,0.0,0.0,0.0,0.0,0.0,0.0,0.0,0.0,0.0,0.0,0.0008883984346989293,0.0009978431506644752,0.0013131490206056318,0.0018902179469826544,0.0,0.002194515394493341,0.0012173700921180562,0.0007685362227312915,0.0007299697377056207,0.0,0.0
0.0,0.0,0.0,0.0,0.0,0.0,0.0,0.0,0.0,0.0,0.0,0.0,0.0,0.0,0.0,0.0,0.0,0.0,0.0,0.0,0.0,0.0,0.0,0.0,0.0,0.0,0.0,0.0,0.0,0.0,0.0,0.0,0.0,0.0,0.0,0.0,0.0,0.0,0.0008515725412424513,0.0008376245371539889,0.0010011841539571639,0.0014191616252905784,0.0014310436789277032,0.0,0.0020405431422332336,0.0012755009881889798,0.0011433693330059015,0.0,0.0
0.0,0.0,0.0,0.0,0.0,0.0,0.0,0.0,0.0,0.0,0.0007071043049488391,0.0,0.0,0.0,0.0,0.0,0.0,0.0,0.0,0.0,0.0,0.0,0.0,0.0,0.0,0.0010990514874433973,0.001272301409623445,0.0006633457033095527,0.0010219211425070525,0.0,0.0,0.0,0.0,0.0,0.0,0.0,0.0,0.0,0.0,0.0,0.0,0.0,0.0,0.002638007680091619,0.0,0.0013416602256265393,0.0012566080464495556,0.0,0.0
0.0,0.0,0.0,0.0,0.0,0.0,0.0,0.0,0.0,0.0,0.0,0.0,0.0,0.0,0.0,0.0,0.0,0.0,0.0,0.0,0.0,0.0,0.0,0.0,0.0,0.0009724785377149063,0.0011816812924505518,0.0,0.0009679627108855199,0.0,0.0,0.0,0.0,0.0,0.0,0.0,0.0,0.0,0.0,0.0,0.0,0.0,0.0,0.0011098694933293176,0.0010871676452947768,0.0,0.0022030587135694517,0.001150373213349214,0.0013274083934062613
0.0,0.0,0.0,0.0,0.0,0.0,0.0,0.0,0.0,0.0,0.0,0.0,0.0,0.0,0.0006243934082810812,0.0,0.0005640079938255932,0.0,0.0,0.0,0.0,0.0,0.0,0.0,0.0,0.0,0.0,0.0,0.0,0.0,0.0,0.0,0.0005570825800430007,0.0,0.0,0.0,0.0,0.0,0.0,0.0,0.0,0.0,0.0,0.0008799533983488295,0.0008922833688521869,0.0024241520507870674,0.0,0.002111181069705681,0.0019469461301565613
0.0,0.0,0.0,0.0,0.0,0.0,0.0,0.0,0.0007491785135911328,0.0,0.0008094057718069657,0.0,0.0,0.0,0.0011583739466853938,0.0,0.0008185803670798213,0.0,0.0,0.0,0.0,0.0,0.0,0.0,0.0,0.0,0.0,0.0,0.0,0.0,0.0,0.0,0.0007236518590880002,0.0,0.0,0.0,0.0,0.0,0.0,0.0,0.0,0.0,0.0,0.0,0.0,0.0015704244621595426,0.001392920039139257,0.0,0.0027774650404498885
0.0,0.0,0.0,0.0,0.0,0.0,0.0,0.0,0.0,0.0,0.0,0.0,0.0,0.0,0.0008968173505109747,0.0,0.0007491941168589959,0.0,0.0,0.0,0.0,0.0,0.0,0.0,0.0,0.0,0.0,0.0,0.0,0.0,0.0007237331586140086,0.0008664805383003189,0.0010696243634685503,0.0,0.0,0.0,0.0,0.0,0.0,0.0,0.0,0.0,0.0,0.0,0.0,0.0014316978339551625,0.001415004647828482,0.0028474479904635054,0.0
