timestamp_hour_utc,q_air_kw,q_vent_kw,q_rdhx_kw,q_cdu_kw,q_rdhx_to_wshp_kw,q_rdhx_to_chiller_kw,q_cdu_to_wshp_kw,q_cdu_to_free_kw,q_chiller_evap_kw,p_chiller_kw,p_tower_kw,p_wshp_kw,p_grid_kw,q_heat_kw,day_weight
2025-01-15 00:00:00+00:00,0.0,429.56051864689516,0.0,129.22551291876138,0.0,0.0,129.22551291876138,0.0,0.0,0.0,0.0,43.07517097292046,45.659681231295686,172.30068389168184,70.0
2025-01-15 01:00:00+00:00,0.0,437.9070810983327,0.0,129.22551291876138,0.0,0.0,129.22551291876138,0.0,0.0,0.0,0.0,43.07517097292046,45.659681231295686,172.30068389168184,70.0
2025-01-15 02:00:00+00:00,0.0,443.53118840542754,0.0,129.22551291876138,0.0,0.0,129.22551291876138,0.0,0.0,0.0,0.0,43.07517097292046,45.659681231295686,172.30068389168184,70.0
2025-01-15 03:00:00+00:00,0.0,437.431897434774,0.0,129.22551291876138,0.0,0.0,129.22551291876138,0.0,0.0,0.0,0.0,43.07517097292046,45.659681231295686,172.30068389168184,70.0
2025-01-15 04:00:00+00:00,0.0,443.03501581687067,0.0,129.22551291876138,0.0,0.0,129.22551291876138,0.0,0.0,0.0,0.0,43.07517097292046,45.659681231295686,172.30068389168184,70.0
2025-01-15 05:00:00+00:00,0.0,439.9183679080585,0.0,129.22551291876138,0.0,0.0,129.22551291876138,0.0,0.0,0.0,0.0,43.07517097292046,45.659681231295686,172.30068389168184,70.0
2025-01-15 06:00:00+00:00,0.0,445.99541565266725,0.0,129.22551291876138,0.0,0.0,129.22551291876138,0.0,0.0,0.0,0.0,43.07517097292046,45.659681231295686,172.30068389168184,70.0
2025-01-15 07:00:00+00:00,0.0,465.86231843044493,0.0,129.22551291876138,0.0,0.0,129.22551291876138,0.0,0.0,0.0,0.0,43.07517097292046,45.659681231295686,172.30068389168184,70.0
2025-01-15 08:00:00+00:00,0.0,456.6665568771833,0.0,129.22551291876138,0.0,0.0,129.22551291876138,0.0,0.0,0.0,0.0,43.07517097292046,45.659681231295686,172.30068389168184,70.0
2025-01-15 09:00:00+00:00,0.0,439.01935337943917,0.0,129.22551291876138,0.0,0.0,129.22551291876138,0.0,0.0,0.0,0.0,43.07517097292046,45.659681231295686,172.30068389168184,70.0
2025-01-15 10:00:00+00:00,0.0,581.0144916006232,0.0,0.0,0.0,0.0,0.0,0.0,0.0,0.0,0.0,0.0,0.0,0.0,70.0
2025-01-15 11:00:00+00:00,0.0,573.8076919609014,0.0,0.0,0.0,0.0,0.0,0.0,0.0,0.0,0.0,0.0,0.0,0.0,70.0
2025-01-15 12:00:00+00:00,0.0,567.6426806659601,0.0,0.0,0.0,0.0,0.0,0.0,0.0,0.0,0.0,0.0,0.0,0.0,70.0
2025-01-15 13:00:00+00:00,0.0,588.7972485966046,0.0,0.0,0.0,0.0,0.0,0.0,0.0,0.0,0.0,0.0,0.0,0.0,70.0
2025-01-15 14:00:00+00:00,0.0,405.6539315256831,0.0,129.22551291876138,0.0,0.0,129.22551291876138,0.0,0.0,0.0,0.0,43.07517097292046,45.659681231295686,172.30068389168184,70.0
2025-01-15 15:00:00+00:00,0.0,448.4862453157576,0.0,129.22551291876138,0.0,0.0,129.22551291876138,0.0,0.0,0.0,0.0,43.07517097292046,45.659681231295686,172.30068389168184,70.0
2025-01-15 16:00:00+00:00,0.0,447.6395337984103,0.0,129.22551291876138,0.0,0.0,129.22551291876138,0.0,0.0,0.0,0.0,43.07517097292046,45.659681231295686,172.30068389168184,70.0
2025-01-15 17:00:00+00:00,0.0,575.2903560606061,0.0,0.0,0.0,0.0,0.0,0.0,0.0,0.0,0.0,0.0,0.0,0.0,70.0
2025-01-15 18:00:00+00:00,0.0,565.7533888888888,0.0,0.0,0.0,0.0,0.0,0.0,0.0,0.0,0.0,0.0,0.0,0.0,70.0
2025-01-15 19:00:00+00:00,0.0,567.4678333333334,0.0,0.0,0.0,0.0,0.0,0.0,0.0,0.0,0.0,0.0,0.0,0.0,70.0
2025-01-15 20:00:00+00:00,0.0,578.9941906565657,0.0,0.0,0.0,0.0,0.0,0.0,0.0,0.0,0.0,0.0,0.0,0.0,70.0
2025-01-15 21:00:00+00:00,0.0,568.4895555555556,0.0,0.0,0.0,0.0,0.0,0.0,0.0,0.0,0.0,0.0,0.0,0.0,70.0
2025-01-15 22:00:00+00:00,0.0,449.27204263679414,0.0,129.22551291876138,0.0,0.0,129.22551291876138,0.0,0.0,0.0,0.0,43.07517097292046,45.659681231295686,172.30068389168184,70.0
2025-01-15 23:00:00+00:00,0.0,446.70448708123865,0.0,129.22551291876138,0.0,0.0,129.22551291876138,0.0,0.0,0.0,0.0,43.07517097292046,45.659681231295686,172.30068389168184,70.0
2025-03-21 00:00:00+00:00,0.0,654.3160390036717,0.0,234.62490544077275,0.0,0.0,0.0,234.62490544077275,0.0,0.0,3.519373581611591,0.0,8.211871690427046,0.0,21.0
2025-03-21 01:00:00+00:00,0.0,654.3160390036717,0.0,74.52001655188383,0.0,0.0,0.0,74.52001655188383,0.0,0.0,1.1178002482782574,0.0,2.608200579315934,0.0,21.0
2025-03-21 02:00:00+00:00,0.0,654.3160390036717,0.0,218.01257210743938,0.0,0.0,0.0,218.01257210743938,0.0,0.0,3.2701885816115905,0.0,7.630440023760379,0.0,21.0
2025-03-21 03:00:00+00:00,0.0,654.3160390036717,0.0,28.71451655188389,0.0,0.0,0.0,28.71451655188389,0.0,0.0,0.4307177482782583,0.0,1.0050080793159362,0.0,21.0
2025-03-21 04:00:00+00:00,0.0,588.3298333333333,0.0,0.0,0.0,0.0,0.0,0.0,0.0,0.0,0.0,0.0,0.0,0.0,21.0
2025-03-21 05:00:00+00:00,0.0,654.3160390036717,0.0,246.14773877410607,0.0,0.0,0.0,246.14773877410607,0.0,0.0,3.692216081611591,0.0,8.615170857093712,0.0,21.0
2025-03-21 06:00:00+00:00,0.0,654.3160390036717,0.0,51.72555316804551,0.0,0.0,0.0,51.72555316804551,0.0,0.0,0.7758832975206826,0.0,1.810394360881593,0.0,21.0
2025-03-21 07:00:00+00:00,0.0,479.84220580808073,0.0,0.0,0.0,0.0,0.0,0.0,0.0,0.0,0.0,0.0,0.0,0.0,21.0
2025-03-21 08:00:00+00:00,0.0,475.1079979203803,0.0,0.0,0.0,0.0,0.0,0.0,0.0,0.0,0.0,0.0,0.0,0.0,21.0
2025-03-21 09:00:00+00:00,0.0,476.9575555555556,0.0,0.0,0.0,0.0,0.0,0.0,0.0,0.0,0.0,0.0,0.0,0.0,21.0
2025-03-21 10:00:00+00:00,0.0,497.55061111111115,0.0,0.0,0.0,0.0,0.0,0.0,0.0,0.0,0.0,0.0,0.0,0.0,21.0
2025-03-21 11:00:00+00:00,0.0,483.2366805555555,0.0,0.0,0.0,0.0,0.0,0.0,0.0,0.0,0.0,0.0,0.0,0.0,21.0
2025-03-21 12:00:00+00:00,0.0,512.4991597222222,0.0,0.0,0.0,0.0,0.0,0.0,0.0,0.0,0.0,0.0,0.0,0.0,21.0
2025-03-21 13:00:00+00:00,0.0,498.6522272897897,0.0,0.0,0.0,0.0,0.0,0.0,0.0,0.0,0.0,0.0,0.0,0.0,21.0
2025-03-21 14:00:00+00:00,0.0,488.3239145092108,0.0,0.0,0.0,0.0,0.0,0.0,0.0,0.0,0.0,0.0,0.0,0.0,21.0
2025-03-21 15:00:00+00:00,0.0,481.01074166111675,0.0,0.0,0.0,0.0,0.0,0.0,0.0,0.0,0.0,0.0,0.0,0.0,21.0
2025-03-21 16:00:00+00:00,0.0,471.4551557440516,0.0,0.0,0.0,0.0,0.0,0.0,0.0,0.0,0.0,0.0,0.0,0.0,21.0
2025-03-21 17:00:00+00:00,0.0,506.3876581196581,0.0,0.0,0.0,0.0,0.0,0.0,0.0,0.0,0.0,0.0,0.0,0.0,21.0
2025-03-21 18:00:00+00:00,0.0,654.3160390036717,0.0,6.927714964582265,0.0,0.0,0.0,6.927714964582265,0.0,0.0,0.10391572446873397,0.0,0.24247002376037924,0.0,21.0
2025-03-21 19:00:00+00:00,0.0,654.3160390036717,0.0,6.672911393153754,0.0,0.0,0.0,6.672911393153754,0.0,0.0,0.10009367089730631,0.0,0.2335518987603814,0.0,21.0
2025-03-21 20:00:00+00:00,0.0,575.8912777777778,0.0,0.0,0.0,0.0,0.0,0.0,0.0,0.0,0.0,0.0,0.0,0.0,21.0
2025-03-21 21:00:00+00:00,0.0,654.3160390036717,0.0,193.7430721074394,0.0,0.0,0.0,193.7430721074394,0.0,0.0,2.906146081611591,0.0,6.781007523760379,0.0,21.0
2025-03-21 22:00:00+00:00,0.0,654.3160390036717,0.0,131.0845721074395,0.0,0.0,0.0,131.0845721074395,0.0,0.0,1.9662685816115923,0.0,4.587960023760383,0.0,21.0
2025-03-21 23:00:00+00:00,0.0,617.5177777777778,0.0,0.0,0.0,0.0,0.0,0.0,0.0,0.0,0.0,0.0,0.0,0.0,21.0
2025-04-12 00:00:00+00:00,0.0,595.6929484236589,0.0,0.0,0.0,0.0,0.0,0.0,0.0,0.0,0.0,0.0,0.0,0.0,36.0
2025-04-12 01:00:00+00:00,0.0,591.338061868687,0.0,0.0,0.0,0.0,0.0,0.0,0.0,0.0,0.0,0.0,0.0,0.0,36.0
2025-04-12 02:00:00+00:00,0.0,585.7620702372564,0.0,0.0,0.0,0.0,0.0,0.0,0.0,0.0,0.0,0.0,0.0,0.0,36.0
2025-04-12 03:00:00+00:00,0.0,590.0336500469814,0.0,0.0,0.0,0.0,0.0,0.0,0.0,0.0,0.0,0.0,0.0,0.0,36.0
2025-04-12 04:00:00+00:00,0.0,599.0596209394611,0.0,0.0,0.0,0.0,0.0,0.0,0.0,0.0,0.0,0.0,0.0,0.0,36.0
2025-04-12 05:00:00+00:00,0.0,598.7374468522434,0.0,0.0,0.0,0.0,0.0,0.0,0.0,0.0,0.0,0.0,0.0,0.0,36.0
2025-04-12 06:00:00+00:00,0.0,588.9834368393235,0.0,0.0,0.0,0.0,0.0,0.0,0.0,0.0,0.0,0.0,0.0,0.0,36.0
2025-04-12 07:00:00+00:00,0.0,591.525695648344,0.0,0.0,0.0,0.0,0.0,0.0,0.0,0.0,0.0,0.0,0.0,0.0,36.0
2025-04-12 08:00:00+00:00,0.0,582.5819444444444,0.0,0.0,0.0,0.0,0.0,0.0,0.0,0.0,0.0,0.0,0.0,0.0,36.0
2025-04-12 09:00:00+00:00,0.0,568.6415,0.0,0.0,0.0,0.0,0.0,0.0,0.0,0.0,0.0,0.0,0.0,0.0,36.0
2025-04-12 10:00:00+00:00,0.0,564.2147222222222,0.0,0.0,0.0,0.0,0.0,0.0,0.0,0.0,0.0,0.0,0.0,0.0,36.0
2025-04-12 11:00:00+00:00,0.0,581.3411111111111,0.0,0.0,0.0,0.0,0.0,0.0,0.0,0.0,0.0,0.0,0.0,0.0,36.0
2025-04-12 12:00:00+00:00,0.0,565.8996666666667,0.0,0.0,0.0,0.0,0.0,0.0,0.0,0.0,0.0,0.0,0.0,0.0,36.0
2025-04-12 13:00:00+00:00,0.0,565.6102777777778,0.0,0.0,0.0,0.0,0.0,0.0,0.0,0.0,0.0,0.0,0.0,0.0,36.0
2025-04-12 14:00:00+00:00,0.0,579.3450555555555,0.0,0.0,0.0,0.0,0.0,0.0,0.0,0.0,0.0,0.0,0.0,0.0,36.0
2025-04-12 15:00:00+00:00,0.0,589.3056111111111,0.0,0.0,0.0,0.0,0.0,0.0,0.0,0.0,0.0,0.0,0.0,0.0,36.0
2025-04-12 16:00:00+00:00,0.0,579.0735555555556,0.0,0.0,0.0,0.0,0.0,0.0,0.0,0.0,0.0,0.0,0.0,0.0,36.0
2025-04-12 17:00:00+00:00,0.0,579.2900555555556,0.0,0.0,0.0,0.0,0.0,0.0,0.0,0.0,0.0,0.0,0.0,0.0,36.0
2025-04-12 18:00:00+00:00,0.0,590.6072777777778,0.0,0.0,0.0,0.0,0.0,0.0,0.0,0.0,0.0,0.0,0.0,0.0,36.0
2025-04-12 19:00:00+00:00,0.0,580.5663888888889,0.0,0.0,0.0,0.0,0.0,0.0,0.0,0.0,0.0,0.0,0.0,0.0,36.0
2025-04-12 20:00:00+00:00,0.0,571.5785555555556,0.0,0.0,0.0,0.0,0.0,0.0,0.0,0.0,0.0,0.0,0.0,0.0,36.0
2025-04-12 21:00:00+00:00,0.0,569.4257222222221,0.0,0.0,0.0,0.0,0.0,0.0,0.0,0.0,0.0,0.0,0.0,0.0,36.0
2025-04-12 22:00:00+00:00,0.0,572.0856666666666,0.0,0.0,0.0,0.0,0.0,0.0,0.0,0.0,0.0,0.0,0.0,0.0,36.0
2025-04-12 23:00:00+00:00,0.0,584.3265,0.0,0.0,0.0,0.0,0.0,0.0,0.0,0.0,0.0,0.0,0.0,0.0,36.0
2025-06-08 00:00:00+00:00,0.0,503.21705317779566,0.0,0.0,0.0,0.0,0.0,0.0,0.0,0.0,0.0,0.0,0.0,0.0,59.0
2025-06-08 01:00:00+00:00,0.0,508.7024978642294,0.0,0.0,0.0,0.0,0.0,0.0,0.0,0.0,0.0,0.0,0.0,0.0,59.0
2025-06-08 02:00:00+00:00,0.0,518.3551803462401,0.0,0.0,0.0,0.0,0.0,0.0,0.0,0.0,0.0,0.0,0.0,0.0,59.0
2025-06-08 03:00:00+00:00,0.0,525.6835253661667,0.0,0.0,0.0,0.0,0.0,0.0,0.0,0.0,0.0,0.0,0.0,0.0,59.0
2025-06-08 04:00:00+00:00,0.0,534.9287666680926,0.0,0.0,0.0,0.0,0.0,0.0,0.0,0.0,0.0,0.0,0.0,0.0,59.0
2025-06-08 05:00:00+00:00,0.0,540.3977219019893,0.0,0.0,0.0,0.0,0.0,0.0,0.0,0.0,0.0,0.0,0.0,0.0,59.0
2025-06-08 06:00:00+00:00,0.0,541.2056753058482,0.0,0.0,0.0,0.0,0.0,0.0,0.0,0.0,0.0,0.0,0.0,0.0,59.0
2025-06-08 07:00:00+00:00,0.0,553.7045480019286,0.0,0.0,0.0,0.0,0.0,0.0,0.0,0.0,0.0,0.0,0.0,0.0,59.0
2025-06-08 08:00:00+00:00,0.0,547.4462677302226,0.0,0.0,0.0,0.0,0.0,0.0,0.0,0.0,0.0,0.0,0.0,0.0,59.0
2025-06-08 09:00:00+00:00,0.0,540.5846436304136,0.0,0.0,0.0,0.0,0.0,0.0,0.0,0.0,0.0,0.0,0.0,0.0,59.0
2025-06-08 10:00:00+00:00,0.0,566.867660281659,0.0,0.0,0.0,0.0,0.0,0.0,0.0,0.0,0.0,0.0,0.0,0.0,59.0
2025-06-08 11:00:00+00:00,0.0,564.5305113675216,0.0,0.0,0.0,0.0,0.0,0.0,0.0,0.0,0.0,0.0,0.0,0.0,59.0
2025-06-08 12:00:00+00:00,0.0,540.3642869508682,0.0,0.0,0.0,0.0,0.0,0.0,0.0,0.0,0.0,0.0,0.0,0.0,59.0
2025-06-08 13:00:00+00:00,0.0,527.9804533885499,0.0,0.0,0.0,0.0,0.0,0.0,0.0,0.0,0.0,0.0,0.0,0.0,59.0
2025-06-08 14:00:00+00:00,0.0,531.0079335837669,0.0,0.0,0.0,0.0,0.0,0.0,0.0,0.0,0.0,0.0,0.0,0.0,59.0
2025-06-08 15:00:00+00:00,0.0,567.7710555555557,0.0,0.0,0.0,0.0,0.0,0.0,0.0,0.0,0.0,0.0,0.0,0.0,59.0
2025-06-08 16:00:00+00:00,0.0,580.5151111111111,0.0,0.0,0.0,0.0,0.0,0.0,0.0,0.0,0.0,0.0,0.0,0.0,59.0
2025-06-08 17:00:00+00:00,0.0,579.8920555555555,0.0,0.0,0.0,0.0,0.0,0.0,0.0,0.0,0.0,0.0,0.0,0.0,59.0
2025-06-08 18:00:00+00:00,0.0,576.8701111111111,0.0,0.0,0.0,0.0,0.0,0.0,0.0,0.0,0.0,0.0,0.0,0.0,59.0
2025-06-08 19:00:00+00:00,0.0,577.4908333333334,0.0,0.0,0.0,0.0,0.0,0.0,0.0,0.0,0.0,0.0,0.0,0.0,59.0
2025-06-08 20:00:00+00:00,0.0,572.2821111111111,0.0,0.0,0.0,0.0,0.0,0.0,0.0,0.0,0.0,0.0,0.0,0.0,59.0
2025-06-08 21:00:00+00:00,0.0,567.1717777777778,0.0,0.0,0.0,0.0,0.0,0.0,0.0,0.0,0.0,0.0,0.0,0.0,59.0
2025-06-08 22:00:00+00:00,0.0,561.162111111111,0.0,0.0,0.0,0.0,0.0,0.0,0.0,0.0,0.0,0.0,0.0,0.0,59.0
2025-06-08 23:00:00+00:00,0.0,560.470898779159,0.0,0.0,0.0,0.0,0.0,0.0,0.0,0.0,0.0,0.0,0.0,0.0,59.0
2025-07-04 00:00:00+00:00,0.0,526.5216296296296,0.0,0.0,0.0,0.0,0.0,0.0,0.0,0.0,0.0,0.0,0.0,0.0,66.0
2025-07-04 01:00:00+00:00,0.0,518.2588148148149,0.0,0.0,0.0,0.0,0.0,0.0,0.0,0.0,0.0,0.0,0.0,0.0,66.0
2025-07-04 02:00:00+00:00,0.0,515.7637777777778,0.0,0.0,0.0,0.0,0.0,0.0,0.0,0.0,0.0,0.0,0.0,0.0,66.0
2025-07-04 03:00:00+00:00,0.0,514.3534074074074,0.0,0.0,0.0,0.0,0.0,0.0,0.0,0.0,0.0,0.0,0.0,0.0,66.0
2025-07-04 04:00:00+00:00,0.0,512.960962962963,0.0,0.0,0.0,0.0,0.0,0.0,0.0,0.0,0.0,0.0,0.0,0.0,66.0
2025-07-04 05:00:00+00:00,0.0,512.2279259259259,0.0,0.0,0.0,0.0,0.0,0.0,0.0,0.0,0.0,0.0,0.0,0.0,66.0
2025-07-04 06:00:00+00:00,0.0,509.16370370370373,0.0,0.0,0.0,0.0,0.0,0.0,0.0,0.0,0.0,0.0,0.0,0.0,66.0
2025-07-04 07:00:00+00:00,0.0,513.8430740740741,0.0,0.0,0.0,0.0,0.0,0.0,0.0,0.0,0.0,0.0,0.0,0.0,66.0
2025-07-04 08:00:00+00:00,0.0,519.5250626780627,0.0,0.0,0.0,0.0,0.0,0.0,0.0,0.0,0.0,0.0,0.0,0.0,66.0
2025-07-04 09:00:00+00:00,0.0,518.5402795698925,0.0,0.0,0.0,0.0,0.0,0.0,0.0,0.0,0.0,0.0,0.0,0.0,66.0
2025-07-04 10:00:00+00:00,0.0,513.6327777777777,0.0,0.0,0.0,0.0,0.0,0.0,0.0,0.0,0.0,0.0,0.0,0.0,66.0
2025-07-04 11:00:00+00:00,0.0,509.9001335578003,0.0,0.0,0.0,0.0,0.0,0.0,0.0,0.0,0.0,0.0,0.0,0.0,66.0
2025-07-04 12:00:00+00:00,0.0,493.0994074074074,0.0,0.0,0.0,0.0,0.0,0.0,0.0,0.0,0.0,0.0,0.0,0.0,66.0
2025-07-04 13:00:00+00:00,0.0,497.39699999999993,0.0,0.0,0.0,0.0,0.0,0.0,0.0,0.0,0.0,0.0,0.0,0.0,66.0
2025-07-04 14:00:00+00:00,0.0,506.5754702842378,0.0,0.0,0.0,0.0,0.0,0.0,0.0,0.0,0.0,0.0,0.0,0.0,66.0
2025-07-04 15:00:00+00:00,0.0,513.930962962963,0.0,0.0,0.0,0.0,0.0,0.0,0.0,0.0,0.0,0.0,0.0,0.0,66.0
2025-07-04 16:00:00+00:00,0.0,515.5814444444445,0.0,0.0,0.0,0.0,0.0,0.0,0.0,0.0,0.0,0.0,0.0,0.0,66.0
2025-07-04 17:00:00+00:00,0.0,515.5985833333333,0.0,0.0,0.0,0.0,0.0,0.0,0.0,0.0,0.0,0.0,0.0,0.0,66.0
2025-07-04 18:00:00+00:00,0.0,560.2729444444444,0.0,0.0,0.0,0.0,0.0,0.0,0.0,0.0,0.0,0.0,0.0,0.0,66.0
2025-07-04 19:00:00+00:00,0.0,556.3824999999999,0.0,0.0,0.0,0.0,0.0,0.0,0.0,0.0,0.0,0.0,0.0,0.0,66.0
2025-07-04 20:00:00+00:00,0.0,514.8611666666666,0.0,0.0,0.0,0.0,0.0,0.0,0.0,0.0,0.0,0.0,0.0,0.0,66.0
2025-07-04 21:00:00+00:00,0.0,500.338,0.0,0.0,0.0,0.0,0.0,0.0,0.0,0.0,0.0,0.0,0.0,0.0,66.0
2025-07-04 22:00:00+00:00,0.0,495.62995568920576,0.0,0.0,0.0,0.0,0.0,0.0,0.0,0.0,0.0,0.0,0.0,0.0,66.0
2025-07-04 23:00:00+00:00,0.0,493.1413888888889,0.0,0.0,0.0,0.0,0.0,0.0,0.0,0.0,0.0,0.0,0.0,0.0,66.0
2025-09-25 00:00:00+00:00,0.0,525.5984074074073,0.0,0.0,0.0,0.0,0.0,0.0,0.0,0.0,0.0,0.0,0.0,0.0,37.0
2025-09-25 01:00:00+00:00,0.0,509.55065358198027,0.0,0.0,0.0,0.0,0.0,0.0,0.0,0.0,0.0,0.0,0.0,0.0,37.0
2025-09-25 02:00:00+00:00,0.0,503.3700067927336,0.0,0.0,0.0,0.0,0.0,0.0,0.0,0.0,0.0,0.0,0.0,0.0,37.0
2025-09-25 03:00:00+00:00,0.0,507.50751851851857,0.0,0.0,0.0,0.0,0.0,0.0,0.0,0.0,0.0,0.0,0.0,0.0,37.0
2025-09-25 04:00:00+00:00,0.0,506.67477777777776,0.0,0.0,0.0,0.0,0.0,0.0,0.0,0.0,0.0,0.0,0.0,0.0,37.0
2025-09-25 05:00:00+00:00,0.0,516.2570747984395,0.0,0.0,0.0,0.0,0.0,0.0,0.0,0.0,0.0,0.0,0.0,0.0,37.0
2025-09-25 06:00:00+00:00,0.0,524.6416293751469,0.0,0.0,0.0,0.0,0.0,0.0,0.0,0.0,0.0,0.0,0.0,0.0,37.0
2025-09-25 07:00:00+00:00,0.0,532.3385185185185,0.0,0.0,0.0,0.0,0.0,0.0,0.0,0.0,0.0,0.0,0.0,0.0,37.0
2025-09-25 08:00:00+00:00,0.0,533.328037037037,0.0,0.0,0.0,0.0,0.0,0.0,0.0,0.0,0.0,0.0,0.0,0.0,37.0
2025-09-25 09:00:00+00:00,0.0,530.6100648148148,0.0,0.0,0.0,0.0,0.0,0.0,0.0,0.0,0.0,0.0,0.0,0.0,37.0
2025-09-25 10:00:00+00:00,0.0,533.984505050505,0.0,0.0,0.0,0.0,0.0,0.0,0.0,0.0,0.0,0.0,0.0,0.0,37.0
2025-09-25 11:00:00+00:00,0.0,540.3118148148147,0.0,0.0,0.0,0.0,0.0,0.0,0.0,0.0,0.0,0.0,0.0,0.0,37.0
2025-09-25 12:00:00+00:00,0.0,534.6248526658527,0.0,0.0,0.0,0.0,0.0,0.0,0.0,0.0,0.0,0.0,0.0,0.0,37.0
2025-09-25 13:00:00+00:00,0.0,527.5269499499499,0.0,0.0,0.0,0.0,0.0,0.0,0.0,0.0,0.0,0.0,0.0,0.0,37.0
2025-09-25 14:00:00+00:00,0.0,524.6788627065225,0.0,0.0,0.0,0.0,0.0,0.0,0.0,0.0,0.0,0.0,0.0,0.0,37.0
2025-09-25 15:00:00+00:00,0.0,525.3372222222223,0.0,0.0,0.0,0.0,0.0,0.0,0.0,0.0,0.0,0.0,0.0,0.0,37.0
2025-09-25 16:00:00+00:00,0.0,525.4341851851851,0.0,0.0,0.0,0.0,0.0,0.0,0.0,0.0,0.0,0.0,0.0,0.0,37.0
2025-09-25 17:00:00+00:00,0.0,529.1088148148148,0.0,0.0,0.0,0.0,0.0,0.0,0.0,0.0,0.0,0.0,0.0,0.0,37.0
2025-09-25 18:00:00+00:00,0.0,540.3569132996633,0.0,0.0,0.0,0.0,0.0,0.0,0.0,0.0,0.0,0.0,0.0,0.0,37.0
2025-09-25 19:00:00+00:00,0.0,544.1205185185185,0.0,0.0,0.0,0.0,0.0,0.0,0.0,0.0,0.0,0.0,0.0,0.0,37.0
2025-09-25 20:00:00+00:00,0.0,546.8698914141414,0.0,0.0,0.0,0.0,0.0,0.0,0.0,0.0,0.0,0.0,0.0,0.0,37.0
2025-09-25 21:00:00+00:00,0.0,534.2805555555556,0.0,0.0,0.0,0.0,0.0,0.0,0.0,0.0,0.0,0.0,0.0,0.0,37.0
2025-09-25 22:00:00+00:00,0.0,544.7100068514603,0.0,0.0,0.0,0.0,0.0,0.0,0.0,0.0,0.0,0.0,0.0,0.0,37.0
2025-09-25 23:00:00+00:00,0.0,546.5778888888889,0.0,0.0,0.0,0.0,0.0,0.0,0.0,0.0,0.0,0.0,0.0,0.0,37.0
2025-10-22 00:00:00+00:00,0.0,470.29415025252524,0.0,0.0,0.0,0.0,0.0,0.0,0.0,0.0,0.0,0.0,0.0,0.0,30.0
2025-10-22 01:00:00+00:00,0.0,467.4895,0.0,0.0,0.0,0.0,0.0,0.0,0.0,0.0,0.0,0.0,0.0,0.0,30.0
2025-10-22 02:00:00+00:00,0.0,467.7899444444445,0.0,0.0,0.0,0.0,0.0,0.0,0.0,0.0,0.0,0.0,0.0,0.0,30.0
2025-10-22 03:00:00+00:00,0.0,466.82655555555556,0.0,0.0,0.0,0.0,0.0,0.0,0.0,0.0,0.0,0.0,0.0,0.0,30.0
2025-10-22 04:00:00+00:00,0.0,480.58329292929295,0.0,0.0,0.0,0.0,0.0,0.0,0.0,0.0,0.0,0.0,0.0,0.0,30.0
2025-10-22 05:00:00+00:00,0.0,471.1395555555555,0.0,0.0,0.0,0.0,0.0,0.0,0.0,0.0,0.0,0.0,0.0,0.0,30.0
2025-10-22 06:00:00+00:00,0.0,460.92583333333334,0.0,0.0,0.0,0.0,0.0,0.0,0.0,0.0,0.0,0.0,0.0,0.0,30.0
2025-10-22 07:00:00+00:00,0.0,448.2207222222222,0.0,0.0,0.0,0.0,0.0,0.0,0.0,0.0,0.0,0.0,0.0,0.0,30.0
2025-10-22 08:00:00+00:00,0.0,469.5551691919193,0.0,0.0,0.0,0.0,0.0,0.0,0.0,0.0,0.0,0.0,0.0,0.0,30.0
2025-10-22 09:00:00+00:00,0.0,488.89444444444445,0.0,0.0,0.0,0.0,0.0,0.0,0.0,0.0,0.0,0.0,0.0,0.0,30.0
2025-10-22 10:00:00+00:00,0.0,479.7498888888889,0.0,0.0,0.0,0.0,0.0,0.0,0.0,0.0,0.0,0.0,0.0,0.0,30.0
2025-10-22 11:00:00+00:00,0.0,486.99947222222227,0.0,0.0,0.0,0.0,0.0,0.0,0.0,0.0,0.0,0.0,0.0,0.0,30.0
2025-10-22 12:00:00+00:00,0.0,485.4934330808081,0.0,0.0,0.0,0.0,0.0,0.0,0.0,0.0,0.0,0.0,0.0,0.0,30.0
2025-10-22 13:00:00+00:00,0.0,475.0838594771242,0.0,0.0,0.0,0.0,0.0,0.0,0.0,0.0,0.0,0.0,0.0,0.0,30.0
2025-10-22 14:00:00+00:00,0.0,475.7269444444445,0.0,0.0,0.0,0.0,0.0,0.0,0.0,0.0,0.0,0.0,0.0,0.0,30.0
2025-10-22 15:00:00+00:00,0.0,459.1575,0.0,0.0,0.0,0.0,0.0,0.0,0.0,0.0,0.0,0.0,0.0,0.0,30.0
2025-10-22 16:00:00+00:00,0.0,484.42485353535346,0.0,0.0,0.0,0.0,0.0,0.0,0.0,0.0,0.0,0.0,0.0,0.0,30.0
2025-10-22 17:00:00+00:00,0.0,481.93544444444444,0.0,0.0,0.0,0.0,0.0,0.0,0.0,0.0,0.0,0.0,0.0,0.0,30.0
2025-10-22 18:00:00+00:00,0.0,470.80477777777776,0.0,0.0,0.0,0.0,0.0,0.0,0.0,0.0,0.0,0.0,0.0,0.0,30.0
2025-10-22 19:00:00+00:00,0.0,445.965111111111,0.0,0.0,0.0,0.0,0.0,0.0,0.0,0.0,0.0,0.0,0.0,0.0,30.0
2025-10-22 20:00:00+00:00,0.0,533.6374292929293,0.0,0.0,0.0,0.0,0.0,0.0,0.0,0.0,0.0,0.0,0.0,0.0,30.0
2025-10-22 21:00:00+00:00,0.0,545.1663333333333,0.0,0.0,0.0,0.0,0.0,0.0,0.0,0.0,0.0,0.0,0.0,0.0,30.0
2025-10-22 22:00:00+00:00,0.0,545.4061111111113,0.0,0.0,0.0,0.0,0.0,0.0,0.0,0.0,0.0,0.0,0.0,0.0,30.0
2025-10-22 23:00:00+00:00,0.0,544.5103333333333,0.0,0.0,0.0,0.0,0.0,0.0,0.0,0.0,0.0,0.0,0.0,0.0,30.0
2025-12-05 00:00:00+00:00,0.0,455.19015374790513,0.0,129.22551291876138,0.0,0.0,129.22551291876138,0.0,0.0,0.0,0.0,43.07517097292046,45.659681231295686,172.30068389168184,46.0
2025-12-05 01:00:00+00:00,0.0,444.9239315256831,0.0,129.22551291876138,0.0,0.0,129.22551291876138,0.0,0.0,0.0,0.0,43.07517097292046,45.659681231295686,172.30068389168184,46.0
2025-12-05 02:00:00+00:00,0.0,447.45870930346086,0.0,129.22551291876138,0.0,0.0,129.22551291876138,0.0,0.0,0.0,0.0,43.07517097292046,45.659681231295686,172.30068389168184,46.0
2025-12-05 03:00:00+00:00,0.0,442.3039315256831,0.0,129.22551291876138,0.0,0.0,129.22551291876138,0.0,0.0,0.0,0.0,43.07517097292046,45.659681231295686,172.30068389168184,46.0
2025-12-05 04:00:00+00:00,0.0,443.0100426367942,0.0,129.22551291876138,0.0,0.0,129.22551291876138,0.0,0.0,0.0,0.0,43.07517097292046,45.659681231295686,172.30068389168184,46.0
2025-12-05 05:00:00+00:00,0.0,437.49540374790524,0.0,129.22551291876138,0.0,0.0,129.22551291876138,0.0,0.0,0.0,0.0,43.07517097292046,45.659681231295686,172.30068389168184,46.0
2025-12-05 06:00:00+00:00,0.0,440.7401537479052,0.0,129.22551291876138,0.0,0.0,129.22551291876138,0.0,0.0,0.0,0.0,43.07517097292046,45.659681231295686,172.30068389168184,46.0
2025-12-05 07:00:00+00:00,0.0,448.18948708123867,0.0,129.22551291876138,0.0,0.0,129.22551291876138,0.0,0.0,0.0,0.0,43.07517097292046,45.659681231295686,172.30068389168184,46.0
2025-12-05 08:00:00+00:00,0.0,451.03855853103073,0.0,129.22551291876138,0.0,0.0,129.22551291876138,0.0,0.0,0.0,0.0,43.07517097292046,45.659681231295686,172.30068389168184,46.0
2025-12-05 09:00:00+00:00,0.0,443.26253208991227,0.0,129.22551291876138,0.0,0.0,129.22551291876138,0.0,0.0,0.0,0.0,43.07517097292046,45.659681231295686,172.30068389168184,46.0
2025-12-05 10:00:00+00:00,0.0,573.1699556194126,0.0,0.0,0.0,0.0,0.0,0.0,0.0,0.0,0.0,0.0,0.0,0.0,46.0
2025-12-05 11:00:00+00:00,0.0,562.1559161304161,0.0,0.0,0.0,0.0,0.0,0.0,0.0,0.0,0.0,0.0,0.0,0.0,46.0
2025-12-05 12:00:00+00:00,0.0,584.7593333333333,0.0,0.0,0.0,0.0,0.0,0.0,0.0,0.0,0.0,0.0,0.0,0.0,46.0
2025-12-05 13:00:00+00:00,0.0,587.7015555555555,0.0,0.0,0.0,0.0,0.0,0.0,0.0,0.0,0.0,0.0,0.0,0.0,46.0
2025-12-05 14:00:00+00:00,0.0,448.6147093034608,0.0,129.22551291876138,0.0,0.0,129.22551291876138,0.0,0.0,0.0,0.0,43.07517097292046,45.659681231295686,172.30068389168184,46.0
2025-12-05 15:00:00+00:00,0.0,442.3222648590163,0.0,129.22551291876138,0.0,0.0,129.22551291876138,0.0,0.0,0.0,0.0,43.07517097292046,45.659681231295686,172.30068389168184,46.0
2025-12-05 16:00:00+00:00,0.0,450.3514084904526,0.0,129.22551291876138,0.0,0.0,129.22551291876138,0.0,0.0,0.0,0.0,43.07517097292046,45.659681231295686,172.30068389168184,46.0
2025-12-05 17:00:00+00:00,0.0,574.6500555555556,0.0,0.0,0.0,0.0,0.0,0.0,0.0,0.0,0.0,0.0,0.0,0.0,46.0
2025-12-05 18:00:00+00:00,0.0,563.994,0.0,0.0,0.0,0.0,0.0,0.0,0.0,0.0,0.0,0.0,0.0,0.0,46.0
2025-12-05 19:00:00+00:00,0.0,567.1956666666667,0.0,0.0,0.0,0.0,0.0,0.0,0.0,0.0,0.0,0.0,0.0,0.0,46.0
2025-12-05 20:00:00+00:00,0.0,591.0954217171717,0.0,0.0,0.0,0.0,0.0,0.0,0.0,0.0,0.0,0.0,0.0,0.0,46.0
2025-12-05 21:00:00+00:00,0.0,589.0288333333333,0.0,0.0,0.0,0.0,0.0,0.0,0.0,0.0,0.0,0.0,0.0,0.0,46.0
2025-12-05 22:00:00+00:00,0.0,449.3318759701275,0.0,129.22551291876138,0.0,0.0,129.22551291876138,0.0,0.0,0.0,0.0,43.07517097292046,45.659681231295686,172.30068389168184,46.0
2025-12-05 23:00:00+00:00,0.0,421.5953204145719,0.0,129.22551291876138,0.0,0.0,129.22551291876138,0.0,0.0,0.0,0.0,43.07517097292046,45.659681231295686,172.30068389168184,46.0
