timestamp_hour_utc,representative_day_id,day_weight,it_load_kw,q_air_kw,q_cp_kw,q_rdhx_kw,s_air_kw,s_air_old_kw,s_air_new_kw,old_ac_capacity_eff_kw,q_air_to_ashp_kw,q_air_to_reject_kw,q_cp_to_wshp_kw,q_cp_to_free_kw,q_rdhx_to_wshp_kw,q_rdhx_to_chiller_kw,q_ashp_out_kw,p_ashp_kw,q_wshp_in_kw,q_wshp_out_kw,p_wshp_kw,q_chiller_evap_kw,p_chiller_kw,q_tower_kw,p_tower_kw,p_pump_kw,p_cdu_free_kw,p_terminal_kw,p_cooling_kw,p_grid_kw,q_heat_kw,q_tes_ch_kw,q_tes_dis_kw,e_tes_kwh,p_bess_ch_kw,p_bess_dis_kw,e_bess_kwh,max_theta_c,hotspot_slack_c,hotspot_penalty_yuan,bess_degradation_cost_yuan,power_balance_residual_kw,heat_balance_residual_kw
2025-01-15 00:00:00+00:00,0,71.0,561.7189692350827,0.0,0.0,561.7189692350827,0.0,0.0,0.0,0.0,0.0,0.0,0.0,0.0,561.718969235083,0.0,0.0,0.0,561.718969235083,748.9586256467774,187.23965641169434,0.0,0.0,0.0,0.0,5.617189692350831,0.0,14.88555268472969,207.74239878877486,769.4613680238574,748.9586256467774,0.0,0.0,0.0,0.0,0.0,336.5661139817533,23.0,0.0,0.0,0.0,-1.4210854715202004e-13,0.0
2025-01-15 01:00:00+00:00,0,71.0,570.1233267800533,0.0,0.0,570.1233267800533,0.0,0.0,0.0,0.0,0.0,0.0,0.0,0.0,570.1233267800536,0.0,0.0,0.0,570.1233267800536,760.1644357067381,190.04110892668453,0.0,0.0,0.0,0.0,5.701233267800537,0.0,15.108268159671411,210.8506103541565,780.9739371342096,760.1644357067381,0.0,0.0,0.0,0.0,0.0,336.5661139817533,23.0,0.0,0.0,0.0,-1.9895196601282805e-13,0.0
2025-01-15 02:00:00+00:00,0,71.0,575.7849346703858,0.0,0.0,575.7849346703856,0.0,0.0,0.0,0.0,0.0,0.0,0.0,0.0,575.784934670386,0.0,0.0,0.0,575.784934670386,767.7132462271812,191.9283115567953,0.0,0.0,0.0,0.0,5.75784934670386,0.0,15.258300768765219,212.9444616722644,1944.0735022050385,767.7132462271812,0.0,0.0,0.0,1155.3441058623882,0.0,1432.6217707145056,23.0,0.0,0.0,0.0,0.0,0.0
2025-01-15 03:00:00+00:00,0,71.0,569.6548721232332,0.0,0.0,569.6548721232332,0.0,0.0,0.0,0.0,0.0,0.0,0.0,0.0,569.6548721232334,0.0,0.0,0.0,569.6548721232334,759.5398294976445,189.88495737441113,0.0,0.0,0.0,0.0,5.696548721232334,0.0,15.095854111265679,210.67736020690916,780.3322323301422,759.5398294976445,0.0,0.0,0.0,0.0,0.0,1432.6217707145056,23.0,0.0,0.0,0.0,-1.1368683772161603e-13,0.0
2025-01-15 04:00:00+00:00,0,71.0,575.2952966193508,0.0,0.0,575.2952966193508,0.0,0.0,0.0,0.0,0.0,0.0,0.0,0.0,575.2952966193512,0.0,0.0,0.0,575.2952966193512,767.0603954924683,191.76509887311707,0.0,0.0,0.0,0.0,5.752952966193512,0.0,15.245325360412796,212.76337719972338,788.0586738190741,767.0603954924683,0.0,0.0,0.0,0.0,0.0,1432.6217707145056,23.0,0.0,0.0,0.0,-5.684341886080802e-14,0.0
2025-01-15 05:00:00+00:00,0,71.0,572.1730910897223,0.0,0.0,572.1730910897224,0.0,0.0,0.0,0.0,0.0,0.0,0.0,0.0,572.1730910897227,0.0,0.0,0.0,572.1730910897227,762.8974547862969,190.72436369657422,0.0,0.0,0.0,0.0,5.721730910897227,0.0,15.162586913877645,211.6086815213491,2466.6123425198375,762.8974547862969,0.0,0.0,0.0,1682.8305699087664,0.0,3029.09502583578,23.0,0.0,0.0,0.0,-2.2737367544323206e-13,0.0
2025-01-15 06:00:00+00:00,0,71.0,578.290212283939,0.0,0.0,578.2902122839389,0.0,0.0,0.0,0.0,0.0,0.0,0.0,0.0,578.2902122839392,0.0,0.0,0.0,578.2902122839392,771.0536163785856,192.7634040946464,0.0,0.0,0.0,0.0,5.782902122839393,0.0,15.324690625524383,213.87099684301018,792.161209126949,771.0536163785856,0.0,0.0,0.0,0.0,0.0,3029.09502583578,23.0,0.0,0.0,0.0,-2.2737367544323206e-13,0.0
2025-01-15 07:00:00+00:00,0,71.0,598.2662238148496,0.0,0.0,598.2662238148496,0.0,0.0,0.0,0.0,0.0,0.0,0.0,0.0,598.2662238148499,0.0,0.0,0.0,598.2662238148499,797.6882984197998,199.42207460494996,0.0,0.0,0.0,0.0,5.9826622381484995,0.0,15.854054931093513,221.25879177419196,819.5250155890415,797.6882984197998,0.0,0.0,0.0,0.0,0.0,3029.09502583578,23.0,0.0,0.0,0.0,-8.526512829121202e-14,0.0
2025-01-15 08:00:00+00:00,0,71.0,589.0316527066586,0.0,0.0,589.0316527066584,0.0,0.0,0.0,0.0,0.0,0.0,0.0,0.0,589.0316527066591,0.0,0.0,0.0,589.031652706659,785.375536942212,196.343884235553,0.0,0.0,0.0,0.0,5.89031652706659,0.0,15.609338796726451,217.84353955934606,806.8751922660044,785.375536942212,0.0,0.0,0.0,0.0,0.0,3029.09502583578,23.0,0.0,0.0,0.0,-2.5579538487363607e-13,0.0
2025-01-15 09:00:00+00:00,0,71.0,571.3004435469362,0.0,0.0,571.3004435469363,0.0,0.0,0.0,0.0,0.0,0.0,0.0,0.0,571.3004435469365,0.0,0.0,0.0,571.3004435469365,761.7339247292487,190.43348118231216,0.0,0.0,0.0,0.0,5.713004435469365,0.0,15.139461753993809,211.28594737177534,782.5863909187115,761.7339247292487,0.0,0.0,0.0,0.0,0.0,3029.09502583578,23.0,0.0,0.0,0.0,-8.526512829121202e-14,0.0
2025-01-15 10:00:00+00:00,0,71.0,584.1475947406028,0.0,0.0,584.1475947406027,0.0,0.0,0.0,0.0,0.0,0.0,0.0,0.0,584.147594740603,0.0,0.0,0.0,584.1475947406032,778.8634596541375,194.71586491353438,0.0,0.0,0.0,0.0,5.841475947406032,0.0,15.479911260625972,216.03725212156638,0.0,778.8634596541375,0.0,0.0,0.0,0.0,800.184846862169,2185.626137423282,23.0,0.0,0.0,0.0,-1.7053025658242404e-13,0.0
2025-01-15 11:00:00+00:00,0,71.0,576.9078541419158,0.0,0.0,576.9078541419158,0.0,0.0,0.0,0.0,0.0,0.0,0.0,0.0,576.907854141916,0.0,0.0,0.0,576.9078541419161,769.2104721892215,192.30261804730537,0.0,0.0,0.0,0.0,5.769078541419161,0.0,15.288058134760767,213.3597547234853,0.0,769.2104721892215,0.0,0.0,0.0,0.0,790.2676088654009,1352.610935733369,23.0,0.0,0.0,0.0,-1.7053025658242404e-13,0.0
2025-01-15 12:00:00+00:00,0,71.0,570.7164437128187,0.0,0.0,570.7164437128184,0.0,0.0,0.0,0.0,0.0,0.0,0.0,0.0,570.7164437128188,0.0,0.0,0.0,570.7164437128188,760.9552582837583,190.23881457093958,0.0,0.0,0.0,0.0,5.7071644371281876,0.0,15.123985758389688,211.06996476645747,0.0,760.9552582837583,0.0,0.0,0.0,0.0,781.786408479276,528.5357042142737,23.0,0.0,0.0,0.0,-1.1368683772161603e-13,0.0
2025-01-15 13:00:00+00:00,0,71.0,591.9930276628162,0.0,0.0,591.9930276628162,0.0,0.0,0.0,0.0,0.0,0.0,0.0,0.0,591.9930276628166,0.0,0.0,0.0,591.9930276628166,789.3240368837555,197.33100922093888,0.0,0.0,0.0,0.0,5.9199302766281665,0.0,15.68781523306463,218.9387547306317,810.9317823934477,789.3240368837555,0.0,0.0,0.0,0.0,0.0,528.5357042142737,23.0,0.0,0.0,0.0,-1.4210854715202004e-13,0.0
2025-01-15 14:00:00+00:00,0,71.0,537.795671397821,0.0,0.0,537.7956713978211,0.0,0.0,0.0,0.0,0.0,0.0,0.0,0.0,537.7956713978214,0.0,0.0,0.0,537.7956713978214,717.0608951970951,179.26522379927377,0.0,0.0,0.0,0.0,5.377956713978214,0.0,14.251585292042257,198.89476580529424,2419.5210071118818,717.0608951970951,0.0,0.0,0.0,1682.8305699087664,0.0,2125.008959335548,23.0,0.0,0.0,0.0,0.0,0.0
2025-01-15 15:00:00+00:00,0,71.0,580.8729642486238,0.0,0.0,580.8729642486238,0.0,0.0,0.0,0.0,0.0,0.0,0.0,0.0,580.8729642486243,0.0,0.0,0.0,580.8729642486243,774.4972856648324,193.6243214162081,0.0,0.0,0.0,0.0,5.8087296424862425,0.0,15.39313355258853,214.82618461128286,795.6991488599066,774.4972856648324,0.0,0.0,0.0,0.0,0.0,2125.008959335548,23.0,0.0,0.0,0.0,-8.526512829121202e-14,0.0
2025-01-15 16:00:00+00:00,0,71.0,580.0261924750794,0.0,0.0,580.0261924750793,0.0,0.0,0.0,0.0,0.0,0.0,0.0,0.0,580.0261924750795,0.0,0.0,0.0,580.0261924750795,773.3682566334393,193.34206415835982,0.0,0.0,0.0,0.0,5.800261924750795,0.0,15.3706941005896,214.5130201837002,1747.529602979842,773.3682566334393,0.0,0.0,0.0,952.9903903210625,0.0,3029.09502583578,23.0,0.0,0.0,0.0,-1.1368683772161603e-13,0.0
2025-01-15 17:00:00+00:00,0,71.0,578.4490062309502,0.0,0.0,578.4490062309503,0.0,0.0,0.0,0.0,0.0,0.0,0.0,0.0,578.4490062309508,0.0,0.0,0.0,578.4490062309508,771.2653416412677,192.81633541031692,0.0,0.0,0.0,0.0,5.784490062309508,0.0,15.328898665120184,213.92972413774663,596.4134103642284,771.2653416412677,0.0,0.0,0.0,0.0,195.96532000446828,2822.529441296487,23.0,0.0,0.0,0.0,-1.7053025658242404e-13,0.0
2025-01-15 18:00:00+00:00,0,71.0,568.8681298148831,0.0,0.0,568.8681298148831,0.0,0.0,0.0,0.0,0.0,0.0,0.0,0.0,568.8681298148834,0.0,0.0,0.0,568.8681298148834,758.4908397531779,189.62270993829446,0.0,0.0,0.0,0.0,5.688681298148834,0.0,15.075005440094403,210.3863966765377,0.0,758.4908397531779,0.0,0.0,0.0,0.0,779.2545264914207,2001.123047726851,23.0,0.0,0.0,0.0,-5.684341886080802e-14,0.0
2025-01-15 19:00:00+00:00,0,71.0,570.5955243584899,0.0,0.0,570.59552435849,0.0,0.0,0.0,0.0,0.0,0.0,0.0,0.0,570.5955243584904,0.0,0.0,0.0,570.5955243584904,760.7940324779871,190.19850811949678,0.0,0.0,0.0,0.0,5.705955243584904,0.0,15.120781395499986,211.02524475858166,0.0,760.7940324779871,0.0,0.0,0.0,0.0,781.6207691170715,1177.2224154260034,23.0,0.0,0.0,0.0,-5.684341886080802e-14,0.0
2025-01-15 20:00:00+00:00,0,71.0,582.1997269116034,0.0,0.0,582.1997269116033,0.0,0.0,0.0,0.0,0.0,0.0,0.0,0.0,582.1997269116036,0.0,0.0,0.0,582.1997269116036,776.2663025488048,194.0665756372012,0.0,0.0,0.0,0.0,5.821997269116037,0.0,15.428292763157486,215.3168656694747,0.0,776.2663025488048,0.0,0.0,0.0,0.0,797.516592581078,336.5661139817533,23.0,0.0,0.0,0.0,-8.526512829121202e-14,0.0
2025-01-15 21:00:00+00:00,0,71.0,571.6521662766245,0.0,0.0,571.6521662766246,0.0,0.0,0.0,0.0,0.0,0.0,0.0,0.0,571.6521662766246,0.0,0.0,0.0,571.6521662766247,762.2028883688329,190.55072209220822,0.0,0.0,0.0,0.0,5.716521662766247,0.0,15.148782406330552,211.416026161305,783.0681924379294,762.2028883688329,0.0,0.0,0.0,0.0,0.0,336.5661139817533,23.0,0.0,0.0,0.0,-1.1368683772161603e-13,0.0
2025-01-15 22:00:00+00:00,0,71.0,581.7263103634607,0.0,0.0,581.7263103634609,0.0,0.0,0.0,0.0,0.0,0.0,0.0,0.0,581.7263103634613,0.0,0.0,0.0,581.7263103634613,775.635080484615,193.90877012115374,0.0,0.0,0.0,0.0,5.8172631036346125,0.0,15.41574722463171,215.14178044942005,796.8680908128806,775.635080484615,0.0,0.0,0.0,0.0,0.0,336.5661139817533,23.0,0.0,0.0,0.0,-1.4210854715202004e-13,0.0
2025-01-15 23:00:00+00:00,0,71.0,579.1522581805158,0.0,0.0,579.1522581805158,0.0,0.0,0.0,0.0,0.0,0.0,0.0,0.0,579.1522581805161,0.0,0.0,0.0,579.1522581805161,772.2030109073548,193.0507527268387,0.0,0.0,0.0,0.0,5.791522581805161,0.0,15.347534841783668,214.18981015042755,793.3420683309431,772.2030109073548,0.0,0.0,0.0,0.0,0.0,336.5661139817533,23.0,0.0,0.0,0.0,-2.2737367544323206e-13,0.0
2025-03-21 00:00:00+00:00,1,14.0,915.5029635735168,0.0,0.0,915.5029635735168,0.0,0.0,0.0,0.0,0.0,0.0,0.0,0.0,915.5029635735171,0.0,0.0,0.0,915.5029635735173,1220.670618098023,305.16765452450574,0.0,0.0,0.0,0.0,9.155029635735174,0.0,24.2608285346982,338.5835126949391,1254.0864762684557,1220.670618098023,0.0,0.0,0.0,0.0,0.0,1432.6217707145056,23.0,0.0,0.0,0.0,-1.7053025658242404e-13,0.0
2025-03-21 01:00:00+00:00,1,14.0,750.6454953112176,0.0,0.0,750.6454953112176,0.0,0.0,0.0,0.0,0.0,0.0,0.0,0.0,750.645495311218,0.0,0.0,0.0,750.645495311218,1000.8606604149574,250.21516510373934,0.0,0.0,0.0,0.0,7.506454953112181,0.0,19.892105625747266,277.6137256825988,2711.0897909025825,1000.8606604149574,0.0,0.0,0.0,1682.8305699087664,0.0,3029.09502583578,23.0,0.0,0.0,0.0,0.0,0.0
2025-03-21 02:00:00+00:00,1,14.0,898.4313048391631,0.0,0.0,898.431304839163,0.0,0.0,0.0,0.0,0.0,0.0,0.0,0.0,898.4313048391637,0.0,0.0,0.0,898.4313048391637,1197.908406452218,299.4771016130545,0.0,0.0,0.0,0.0,8.984313048391638,0.0,23.808429578237817,332.26984423968395,1230.7011490788468,1197.908406452218,0.0,0.0,0.0,0.0,0.0,3029.09502583578,23.0,0.0,0.0,0.0,-2.2737367544323206e-13,0.0
2025-03-21 03:00:00+00:00,1,14.0,703.4755760150506,0.0,0.0,703.4755760150508,0.0,0.0,0.0,0.0,0.0,0.0,0.0,0.0,703.475576015051,0.0,0.0,0.0,703.475576015051,937.9674346867347,234.49185867168367,0.0,0.0,0.0,0.0,7.03475576015051,0.0,18.642102764398842,260.16871719623305,963.6442932112834,937.9674346867347,0.0,0.0,0.0,0.0,0.0,3029.09502583578,23.0,0.0,0.0,0.0,-2.2737367544323206e-13,0.0
2025-03-21 04:00:00+00:00,1,14.0,605.9455296315302,0.0,0.0,605.9455296315305,0.0,0.0,0.0,0.0,0.0,0.0,0.0,0.0,605.9455296315307,0.0,0.0,0.0,605.9455296315308,807.927372842041,201.98184321051025,0.0,0.0,0.0,0.0,6.059455296315308,0.0,16.057556535235555,224.09885504206113,830.0443846735913,807.927372842041,0.0,0.0,0.0,0.0,0.0,3029.09502583578,23.0,0.0,0.0,0.0,-1.1368683772161603e-13,0.0
2025-03-21 05:00:00+00:00,1,14.0,927.4105419630434,0.0,0.0,927.4105419630437,0.0,0.0,0.0,0.0,0.0,0.0,0.0,0.0,927.4105419630441,0.0,0.0,0.0,927.4105419630441,1236.5473892840587,309.13684732101467,0.0,0.0,0.0,0.0,9.274105419630441,0.0,24.576379362020653,342.98733210266573,1270.397874065709,1236.5473892840587,0.0,0.0,0.0,0.0,0.0,3029.09502583578,23.0,0.0,0.0,0.0,-2.2737367544323206e-13,0.0
2025-03-21 06:00:00+00:00,1,14.0,727.1901936987774,0.0,0.0,727.1901936987772,0.0,0.0,0.0,0.0,0.0,0.0,0.0,0.0,727.1901936987775,0.0,0.0,0.0,727.1901936987775,969.5869249317034,242.39673123292584,0.0,0.0,0.0,0.0,7.271901936987775,0.0,19.270540133017594,268.93917330293124,996.1293670017085,969.5869249317034,0.0,0.0,0.0,0.0,0.0,3029.09502583578,23.0,0.0,0.0,0.0,-1.7053025658242404e-13,0.0
2025-03-21 07:00:00+00:00,1,14.0,494.2295988294245,0.0,0.0,494.22959882942445,0.0,0.0,0.0,0.0,0.0,0.0,0.0,0.0,494.22959882942473,0.0,0.0,0.0,494.22959882942473,658.972798439233,164.74319960980824,0.0,0.0,0.0,0.0,4.942295988294247,0.0,13.097084368979745,182.78257996708223,677.0121787965066,658.972798439233,0.0,0.0,0.0,0.0,0.0,3029.09502583578,23.0,0.0,0.0,0.0,-8.526512829121202e-14,0.0
2025-03-21 08:00:00+00:00,1,14.0,489.36310959087996,0.0,0.0,489.36310959087984,0.0,0.0,0.0,0.0,0.0,0.0,0.0,0.0,489.36310959088013,0.0,0.0,0.0,489.36310959088013,652.4841461211735,163.12103653029337,0.0,0.0,0.0,0.0,4.893631095908801,0.0,12.968122404158317,180.9827900303605,670.3458996212403,652.4841461211735,0.0,0.0,0.0,0.0,0.0,3029.09502583578,23.0,0.0,0.0,0.0,-1.7053025658242404e-13,0.0
2025-03-21 09:00:00+00:00,1,14.0,491.26853700570535,0.0,0.0,491.26853700570535,0.0,0.0,0.0,0.0,0.0,0.0,0.0,0.0,491.2685370057057,0.0,0.0,0.0,491.2685370057057,655.0247160076076,163.7561790019019,0.0,0.0,0.0,0.0,4.912685370057057,0.0,13.018616230651192,181.68748060261015,672.9560176083154,655.0247160076076,0.0,0.0,0.0,0.0,0.0,3029.09502583578,23.0,0.0,0.0,0.0,-1.1368683772161603e-13,0.0
2025-03-21 10:00:00+00:00,1,14.0,512.5074368524768,0.0,0.0,512.5074368524765,0.0,0.0,0.0,0.0,0.0,0.0,0.0,0.0,512.5074368524769,0.0,0.0,0.0,512.5074368524769,683.3432491366358,170.83581228415895,0.0,0.0,0.0,0.0,5.125074368524769,0.0,13.581447076590631,189.54233372927433,0.0,683.3432491366358,0.0,0.0,0.0,0.0,702.049770581751,2289.0695905567773,23.0,0.0,0.0,0.0,-1.1368683772161603e-13,0.0
2025-03-21 11:00:00+00:00,1,14.0,497.74354240921554,0.0,0.0,497.7435424092155,0.0,0.0,0.0,0.0,0.0,0.0,0.0,0.0,497.7435424092157,0.0,0.0,0.0,497.7435424092157,663.6580565456209,165.91451413640522,0.0,0.0,0.0,0.0,4.977435424092157,0.0,13.19020387384421,184.0821534343416,0.0,663.6580565456209,0.0,0.0,0.0,0.0,681.825695843557,1570.362201858497,23.0,0.0,0.0,0.0,-1.1368683772161603e-13,0.0
2025-03-21 12:00:00+00:00,1,14.0,527.8558874000137,0.0,0.0,527.8558874000137,0.0,0.0,0.0,0.0,0.0,0.0,0.0,0.0,527.8558874000141,0.0,0.0,0.0,527.8558874000141,703.8078498666855,175.95196246667138,0.0,0.0,0.0,0.0,5.278558874000141,0.0,13.988181016100361,195.21870235677187,0.0,703.8078498666855,0.0,0.0,0.0,0.0,723.0745897567854,808.1746612507309,23.0,0.0,0.0,0.0,-1.7053025658242404e-13,0.0
2025-03-21 13:00:00+00:00,1,14.0,513.6330421951938,0.0,0.0,513.6330421951938,0.0,0.0,0.0,0.0,0.0,0.0,0.0,0.0,513.6330421951941,0.0,0.0,0.0,513.6330421951941,684.8440562602588,171.2110140650647,0.0,0.0,0.0,0.0,5.136330421951941,0.0,13.611275618172634,189.95862010518928,703.5916623003828,684.8440562602588,0.0,0.0,0.0,0.0,0.0,808.1746612507309,23.0,0.0,0.0,0.0,-1.9895196601282805e-13,0.0
2025-03-21 14:00:00+00:00,1,14.0,503.01634301873224,0.0,0.0,503.01634301873224,0.0,0.0,0.0,0.0,0.0,0.0,0.0,0.0,503.01634301873236,0.0,0.0,0.0,503.0163430187324,670.6884573583098,167.67211433957746,0.0,0.0,0.0,0.0,5.030163430187324,0.0,13.329933089996404,186.0322108597612,1347.2736019498311,670.6884573583098,0.0,0.0,0.0,658.2250480713378,0.0,1432.6217707145056,23.0,0.0,0.0,0.0,-1.1368683772161603e-13,0.0
2025-03-21 15:00:00+00:00,1,14.0,495.4748282676501,0.0,0.0,495.4748282676501,0.0,0.0,0.0,0.0,0.0,0.0,0.0,0.0,495.47482826765037,0.0,0.0,0.0,495.47482826765037,660.6331043568671,165.15827608921677,0.0,0.0,0.0,0.0,4.954748282676504,0.0,13.130082949092726,183.24310732098598,2361.5485054974024,660.6331043568671,0.0,0.0,0.0,1682.8305699087664,0.0,3029.09502583578,23.0,0.0,0.0,0.0,0.0,0.0
2025-03-21 16:00:00+00:00,1,14.0,485.6467203805004,0.0,0.0,485.6467203805004,0.0,0.0,0.0,0.0,0.0,0.0,0.0,0.0,485.64672038050077,0.0,0.0,0.0,485.64672038050077,647.5289605073343,161.88224012683358,0.0,0.0,0.0,0.0,4.856467203805008,0.0,12.86963809008326,179.60834542072186,665.2550658012221,647.5289605073343,0.0,0.0,0.0,0.0,0.0,3029.09502583578,23.0,0.0,0.0,0.0,-1.4210854715202004e-13,0.0
2025-03-21 17:00:00+00:00,1,14.0,521.6046199380976,0.0,0.0,521.6046199380978,0.0,0.0,0.0,0.0,0.0,0.0,0.0,0.0,521.6046199380982,0.0,0.0,0.0,521.6046199380983,695.472826584131,173.86820664603275,0.0,0.0,0.0,0.0,5.216046199380982,0.0,13.822522428359592,192.90677527377332,714.5113952118708,695.472826584131,0.0,0.0,0.0,0.0,0.0,3029.09502583578,23.0,0.0,0.0,0.0,-1.4210854715202004e-13,0.0
2025-03-21 18:00:00+00:00,1,14.0,681.1278341518237,0.0,0.0,681.1278341518238,0.0,0.0,0.0,0.0,0.0,0.0,0.0,0.0,681.1278341518239,0.0,0.0,0.0,681.127834151824,908.1704455357653,227.04261138394133,0.0,0.0,0.0,0.0,6.81127834151824,0.0,18.049887605023326,251.90377733048288,0.0,908.1704455357653,0.0,0.0,0.0,0.0,933.0316114823064,2045.593352095313,23.0,0.0,0.0,0.0,-1.4210854715202004e-13,0.0
2025-03-21 19:00:00+00:00,1,14.0,680.8959867396809,0.0,0.0,680.8959867396808,0.0,0.0,0.0,0.0,0.0,0.0,0.0,0.0,680.8959867396811,0.0,0.0,0.0,680.8959867396811,907.8613156529082,226.96532891322704,0.0,0.0,0.0,0.0,6.808959867396811,0.0,18.04374364860154,251.8180324292254,932.7140191689061,907.8613156529082,0.0,0.0,0.0,0.0,0.0,2045.593352095313,23.0,0.0,0.0,0.0,-1.7053025658242404e-13,0.0
2025-03-21 20:00:00+00:00,1,14.0,593.2245998899891,0.0,0.0,593.2245998899891,0.0,0.0,0.0,0.0,0.0,0.0,0.0,0.0,593.2245998899896,0.0,0.0,0.0,593.2245998899896,790.9661331866528,197.7415332966632,0.0,0.0,0.0,0.0,5.932245998899896,0.0,15.720451897084711,219.3942311926478,0.0,790.9661331866528,0.0,0.0,0.0,0.0,812.6188310826367,1189.0178935070585,23.0,0.0,0.0,0.0,-2.2737367544323206e-13,0.0
2025-03-21 21:00:00+00:00,1,14.0,873.6079252000941,0.0,0.0,873.607925200094,0.0,0.0,0.0,0.0,0.0,0.0,0.0,0.0,873.6079252000948,0.0,0.0,0.0,873.6079252000948,1164.8105669334595,291.2026417333649,0.0,0.0,0.0,0.0,8.736079252000948,0.0,23.150610017802492,323.0893310031683,387.9904905741664,1164.8105669334595,0.0,0.0,0.0,0.0,808.706765629096,336.5661139817533,23.0,0.0,0.0,0.0,5.684341886080802e-14,0.0
2025-03-21 22:00:00+00:00,1,14.0,809.0874576273558,0.0,0.0,809.0874576273557,0.0,0.0,0.0,0.0,0.0,0.0,0.0,0.0,809.0874576273561,0.0,0.0,0.0,809.0874576273561,1078.7832768364747,269.69581920911867,0.0,0.0,0.0,0.0,8.090874576273562,0.0,21.440817627124925,299.2275114125172,1108.3149690398727,1078.7832768364747,0.0,0.0,0.0,0.0,0.0,336.5661139817533,23.0,0.0,0.0,0.0,-2.2737367544323206e-13,0.0
2025-03-21 23:00:00+00:00,1,14.0,636.1229957107648,0.0,0.0,636.1229957107649,0.0,0.0,0.0,0.0,0.0,0.0,0.0,0.0,636.1229957107654,0.0,0.0,0.0,636.1229957107654,848.1639942810205,212.0409985702551,0.0,0.0,0.0,0.0,6.361229957107654,0.0,16.85725938633527,235.25948791369805,2026.726589486851,848.1639942810205,0.0,0.0,0.0,1155.3441058623882,0.0,1432.6217707145056,23.0,0.0,0.0,0.0,0.0,0.0
2025-03-23 00:00:00+00:00,2,1.0,609.5368301887385,0.0,0.0,609.5368301887386,0.0,0.0,0.0,0.0,0.0,0.0,0.0,0.0,609.5368301887388,0.0,0.0,0.0,609.5368301887388,812.7157735849851,203.17894339624627,0.0,0.0,0.0,0.0,6.0953683018873885,0.0,16.15272600000157,225.42703769813522,1990.3079737492617,812.7157735849851,0.0,0.0,0.0,1155.3441058623882,0.0,1432.6217707145056,23.0,0.0,0.0,0.0,-2.2737367544323206e-13,0.0
2025-03-23 01:00:00+00:00,2,1.0,738.0288590039489,0.0,0.0,738.0288590039487,0.0,0.0,0.0,0.0,0.0,0.0,0.0,0.0,738.0288590039493,0.0,0.0,0.0,738.0288590039493,984.0384786719324,246.0096196679831,0.0,0.0,0.0,0.0,7.380288590039493,0.0,19.55776476360464,272.9476730216272,2693.8071019343424,984.0384786719324,0.0,0.0,0.0,1682.8305699087664,0.0,3029.09502583578,23.0,0.0,0.0,0.0,-2.2737367544323206e-13,0.0
2025-03-23 02:00:00+00:00,2,1.0,953.5323306340813,0.0,0.0,953.5323306340814,0.0,0.0,0.0,0.0,0.0,0.0,0.0,0.0,953.5323306340821,0.0,0.0,0.0,953.5323306340821,1271.3764408454426,317.84411021136066,0.0,0.0,0.0,0.0,9.535323306340821,0.0,25.268606761803156,352.64804027950464,1306.1803709135856,1271.3764408454426,0.0,0.0,0.0,0.0,0.0,3029.09502583578,23.0,0.0,0.0,0.0,-2.8421709430404007e-13,0.0
2025-03-23 03:00:00+00:00,2,1.0,1013.3144354950012,0.0,0.0,1013.3144354950009,0.0,0.0,0.0,0.0,0.0,0.0,0.0,0.0,1013.3144354950011,0.0,0.0,0.0,1013.3144354950012,1351.085913993335,337.77147849833375,0.0,0.0,0.0,0.0,10.133144354950012,0.0,26.85283254061752,374.75745539390124,1388.0718908889023,1351.085913993335,0.0,0.0,0.0,0.0,0.0,3029.09502583578,23.0,0.0,0.0,0.0,-1.7053025658242404e-13,0.0
2025-03-23 04:00:00+00:00,2,1.0,922.6250794854585,0.0,0.0,922.6250794854587,0.0,0.0,0.0,0.0,0.0,0.0,0.0,0.0,922.6250794854592,0.0,0.0,0.0,922.6250794854592,1230.1667726472788,307.5416931618197,0.0,0.0,0.0,0.0,9.226250794854591,0.0,24.449564606364657,341.21750856303896,1263.8425880484974,1230.1667726472788,0.0,0.0,0.0,0.0,0.0,3029.09502583578,23.0,0.0,0.0,0.0,-5.684341886080802e-14,0.0
2025-03-23 05:00:00+00:00,2,1.0,983.865096716541,0.0,0.0,983.865096716541,0.0,0.0,0.0,0.0,0.0,0.0,0.0,0.0,983.8650967165418,0.0,0.0,0.0,983.8650967165418,1311.820128955389,327.95503223884725,0.0,0.0,0.0,0.0,9.838650967165417,0.0,26.07242506298833,363.86610826900096,1347.7312049855416,1311.820128955389,0.0,0.0,0.0,0.0,0.0,3029.09502583578,23.0,0.0,0.0,0.0,-3.410605131648481e-13,0.0
2025-03-23 06:00:00+00:00,2,1.0,928.1892457050074,0.0,0.0,928.1892457050072,0.0,0.0,0.0,0.0,0.0,0.0,0.0,0.0,928.1892457050079,0.0,0.0,0.0,928.189245705008,1237.5856609400107,309.3964152350027,0.0,0.0,0.0,0.0,9.28189245705008,0.0,24.597015011182695,343.2753227032355,1271.4645684082427,1237.5856609400107,0.0,0.0,0.0,0.0,0.0,3029.09502583578,23.0,0.0,0.0,0.0,-1.1368683772161603e-13,0.0
2025-03-23 07:00:00+00:00,2,1.0,884.9125626527859,0.0,0.0,884.9125626527859,0.0,0.0,0.0,0.0,0.0,0.0,0.0,0.0,884.9125626527866,0.0,0.0,0.0,884.9125626527866,1179.883416870382,294.9708542175955,0.0,0.0,0.0,0.0,8.849125626527867,0.0,23.450182910298828,327.27016275442224,1212.182725407208,1179.883416870382,0.0,0.0,0.0,0.0,0.0,3029.09502583578,23.0,0.0,0.0,0.0,-2.2737367544323206e-13,0.0
2025-03-23 08:00:00+00:00,2,1.0,505.16401343097556,0.0,0.0,505.1640134309755,0.0,0.0,0.0,0.0,0.0,0.0,0.0,0.0,505.16401343097596,0.0,0.0,0.0,505.1640134309759,673.5520179079679,168.38800447699197,0.0,0.0,0.0,0.0,5.051640134309759,0.0,13.386846355920849,186.82649096722258,691.990504398198,673.5520179079679,0.0,0.0,0.0,0.0,0.0,3029.09502583578,23.0,0.0,0.0,0.0,-1.1368683772161603e-13,0.0
2025-03-23 09:00:00+00:00,2,1.0,816.8387225691687,0.0,0.0,816.8387225691687,0.0,0.0,0.0,0.0,0.0,0.0,0.0,0.0,816.8387225691696,0.0,0.0,0.0,816.8387225691696,1089.1182967588927,272.2795741897232,0.0,0.0,0.0,0.0,8.168387225691696,0.0,21.64622614808297,302.0941875634978,1118.9329101326662,1089.1182967588927,0.0,0.0,0.0,0.0,0.0,3029.09502583578,23.0,0.0,0.0,0.0,-3.410605131648481e-13,0.0
2025-03-23 10:00:00+00:00,2,1.0,519.9884657055178,0.0,0.0,519.9884657055179,0.0,0.0,0.0,0.0,0.0,0.0,0.0,0.0,519.9884657055181,0.0,0.0,0.0,519.9884657055181,693.3179542740241,173.32948856850604,0.0,0.0,0.0,0.0,5.199884657055182,0.0,13.77969434119622,192.30906756675745,0.0,693.3179542740241,0.0,0.0,0.0,0.0,712.297533272275,2278.267500215794,23.0,0.0,0.0,0.0,-2.2737367544323206e-13,0.0
2025-03-23 11:00:00+00:00,2,1.0,535.7917672916305,0.0,0.0,535.7917672916305,0.0,0.0,0.0,0.0,0.0,0.0,0.0,0.0,535.7917672916309,0.0,0.0,0.0,535.7917672916309,714.3890230555078,178.59725576387694,0.0,0.0,0.0,0.0,5.357917672916309,0.0,14.19848183322821,198.15365527002146,0.0,714.3890230555078,0.0,0.0,0.0,0.0,733.945422561652,1504.621095699276,23.0,0.0,0.0,0.0,-2.842170943040401e-14,0.0
2025-03-23 12:00:00+00:00,2,1.0,741.6230495832683,0.0,0.0,741.6230495832684,0.0,0.0,0.0,0.0,0.0,0.0,0.0,0.0,741.6230495832688,0.0,0.0,0.0,741.6230495832688,988.8307327776917,247.2076831944229,0.0,0.0,0.0,0.0,7.4162304958326875,0.0,19.653010813956612,274.2769245042122,0.0,988.8307327776917,0.0,0.0,0.0,0.0,1015.8999740874804,433.7684980251179,23.0,0.0,0.0,0.0,-1.7053025658242404e-13,0.0
2025-03-23 13:00:00+00:00,2,1.0,955.0499351924773,0.0,0.0,955.0499351924772,0.0,0.0,0.0,0.0,0.0,0.0,0.0,0.0,955.0499351924781,0.0,0.0,0.0,955.0499351924781,1273.3999135899708,318.3499783974927,0.0,0.0,0.0,0.0,9.550499351924781,0.0,25.308823282600645,353.2093010320181,1308.259236224495,1273.3999135899708,0.0,0.0,0.0,0.0,0.0,433.7684980251179,23.0,0.0,0.0,0.0,-3.979039320256561e-13,0.0
2025-03-23 14:00:00+00:00,2,1.0,595.9480188357576,0.0,0.0,595.9480188357576,0.0,0.0,0.0,0.0,0.0,0.0,0.0,0.0,595.948018835758,0.0,0.0,0.0,595.948018835758,794.5973584476774,198.64933961191934,0.0,0.0,0.0,0.0,5.95948018835758,0.0,15.792622499147578,220.4014422994245,1869.2332578057571,794.5973584476774,0.0,0.0,0.0,1052.883796670575,0.0,1432.6217707145056,23.0,0.0,0.0,0.0,0.0,0.0
2025-03-23 15:00:00+00:00,2,1.0,532.39653530892,0.0,0.0,532.3965353089199,0.0,0.0,0.0,0.0,0.0,0.0,0.0,0.0,532.3965353089201,0.0,0.0,0.0,532.3965353089201,709.8620470785601,177.46551176964002,0.0,0.0,0.0,0.0,5.323965353089201,0.0,14.108508185686375,196.89798530841557,729.2945206173354,709.8620470785601,0.0,0.0,0.0,0.0,0.0,1432.6217707145056,23.0,0.0,0.0,0.0,-1.7053025658242404e-13,0.0
2025-03-23 16:00:00+00:00,2,1.0,514.486586574087,0.0,0.0,514.4865865740869,0.0,0.0,0.0,0.0,0.0,0.0,0.0,0.0,514.4865865740873,0.0,0.0,0.0,514.4865865740873,685.9821154321163,171.49552885802908,0.0,0.0,0.0,0.0,5.144865865740873,0.0,13.633894544213303,190.27428926798325,2387.5914457508366,685.9821154321163,0.0,0.0,0.0,1682.8305699087664,0.0,3029.09502583578,23.0,0.0,0.0,0.0,-2.2737367544323206e-13,0.0
2025-03-23 17:00:00+00:00,2,1.0,539.0052674774,0.0,0.0,539.0052674773999,0.0,0.0,0.0,0.0,0.0,0.0,0.0,0.0,539.0052674774003,0.0,0.0,0.0,539.0052674774003,718.6736899698669,179.66842249246673,0.0,0.0,0.0,0.0,5.390052674774003,0.0,14.283639588151097,199.34211475539183,738.3473822327917,718.6736899698669,0.0,0.0,0.0,0.0,0.0,3029.09502583578,23.0,0.0,0.0,0.0,-1.7053025658242404e-13,0.0
2025-03-23 18:00:00+00:00,2,1.0,829.8091881425312,0.0,0.0,829.8091881425308,0.0,0.0,0.0,0.0,0.0,0.0,0.0,0.0,829.8091881425315,0.0,0.0,0.0,829.8091881425316,1106.4122508567089,276.6030627141772,0.0,0.0,0.0,0.0,8.298091881425316,0.0,21.989943485777065,306.8910980813796,0.0,1106.4122508567089,0.0,0.0,0.0,0.0,1136.7002862239106,1830.907718691488,23.0,0.0,0.0,0.0,-2.2737367544323206e-13,0.0
2025-03-23 19:00:00+00:00,2,1.0,857.4538524440352,0.0,0.0,857.4538524440354,0.0,0.0,0.0,0.0,0.0,0.0,0.0,0.0,857.4538524440356,0.0,0.0,0.0,857.4538524440358,1143.2718032587143,285.81795081467857,0.0,0.0,0.0,0.0,8.574538524440358,0.0,22.722527089766935,317.11501642888584,726.7522093520305,1143.2718032587143,0.0,0.0,0.0,0.0,447.81665952089054,1358.8675126067742,23.0,0.0,0.0,0.0,0.0,0.0
2025-03-23 20:00:00+00:00,2,1.0,655.4357999894161,0.0,0.0,655.4357999894162,0.0,0.0,0.0,0.0,0.0,0.0,0.0,0.0,655.4357999894164,0.0,0.0,0.0,655.4357999894164,873.9143999858885,218.47859999647213,0.0,0.0,0.0,0.0,6.554357999894164,0.0,17.369048699719524,242.4020066960858,897.8378066855017,873.9143999858885,0.0,0.0,0.0,0.0,0.0,1358.8675126067742,23.0,0.0,0.0,0.0,-1.4210854715202004e-13,0.0
2025-03-23 21:00:00+00:00,2,1.0,707.9987315604607,0.0,0.0,707.9987315604608,0.0,0.0,0.0,0.0,0.0,0.0,0.0,0.0,707.9987315604611,0.0,0.0,0.0,707.9987315604611,943.9983087472815,235.99957718682037,0.0,0.0,0.0,0.0,7.079987315604612,0.0,18.76196638635221,261.8415308887772,0.0,943.9983087472815,0.0,0.0,0.0,0.0,969.8402624492378,336.5661139817533,23.0,0.0,0.0,0.0,-5.684341886080802e-14,0.0
2025-03-23 22:00:00+00:00,2,1.0,885.5152876386521,0.0,0.0,885.5152876386521,0.0,0.0,0.0,0.0,0.0,0.0,0.0,0.0,885.5152876386522,0.0,0.0,0.0,885.5152876386524,1180.6870501848698,295.17176254621745,0.0,0.0,0.0,0.0,8.855152876386525,0.0,23.46615512242428,327.4930705450282,1213.00835818368,1180.6870501848698,0.0,0.0,0.0,0.0,0.0,336.5661139817533,23.0,0.0,0.0,0.0,-3.410605131648481e-13,0.0
2025-03-23 23:00:00+00:00,2,1.0,920.9492466733144,0.0,0.0,920.9492466733145,0.0,0.0,0.0,0.0,0.0,0.0,0.0,0.0,920.9492466733149,0.0,0.0,0.0,920.949246673315,1227.9323288977532,306.9830822244383,0.0,0.0,0.0,0.0,9.20949246673315,0.0,24.405155036842835,340.59772972801426,1261.5469764013285,1227.9323288977532,0.0,0.0,0.0,0.0,0.0,336.5661139817533,23.0,0.0,0.0,0.0,-1.7053025658242404e-13,0.0
2025-04-12 00:00:00+00:00,3,40.0,618.5626669916699,0.0,0.0,618.5626669916699,0.0,0.0,0.0,0.0,0.0,0.0,0.0,0.0,618.5626669916701,0.0,0.0,0.0,618.5626669916701,824.75022265556,206.18755566389,0.0,0.0,0.0,0.0,6.185626669916701,0.0,16.391910675279252,228.76509300908597,847.3277600007557,824.75022265556,0.0,0.0,0.0,0.0,0.0,336.5661139817533,23.0,0.0,0.0,0.0,-1.4210854715202004e-13,0.0
2025-04-12 01:00:00+00:00,3,40.0,614.0524084586285,0.0,0.0,614.0524084586286,0.0,0.0,0.0,0.0,0.0,0.0,0.0,0.0,614.0524084586289,0.0,0.0,0.0,614.052408458629,818.7365446115052,204.6841361528763,0.0,0.0,0.0,0.0,6.14052408458629,0.0,16.27238882415366,227.09704906161627,841.1494575202446,818.7365446115052,0.0,0.0,0.0,0.0,0.0,336.5661139817533,23.0,0.0,0.0,0.0,-1.9895196601282805e-13,0.0
2025-04-12 02:00:00+00:00,3,40.0,608.2662673333386,0.0,0.0,608.2662673333386,0.0,0.0,0.0,0.0,0.0,0.0,0.0,0.0,608.2662673333392,0.0,0.0,0.0,608.2662673333392,811.0216897777856,202.7554224444464,0.0,0.0,0.0,0.0,6.082662673333393,0.0,16.119056084333476,224.95714120211326,1988.5675143978401,811.0216897777856,0.0,0.0,0.0,1155.3441058623882,0.0,1432.6217707145056,23.0,0.0,0.0,0.0,0.0,0.0
2025-04-12 03:00:00+00:00,3,40.0,612.7250371221548,0.0,0.0,612.7250371221547,0.0,0.0,0.0,0.0,0.0,0.0,0.0,0.0,612.7250371221551,0.0,0.0,0.0,612.7250371221551,816.9667161628734,204.24167904071834,0.0,0.0,0.0,0.0,6.1272503712215505,0.0,16.237213483737104,226.60614289567698,839.3311800178317,816.9667161628734,0.0,0.0,0.0,0.0,0.0,1432.6217707145056,23.0,0.0,0.0,0.0,-1.4210854715202004e-13,0.0
2025-04-12 04:00:00+00:00,3,40.0,622.106279359475,0.0,0.0,622.1062793594748,0.0,0.0,0.0,0.0,0.0,0.0,0.0,0.0,622.1062793594751,0.0,0.0,0.0,622.1062793594751,829.4750391459668,207.3687597864917,0.0,0.0,0.0,0.0,6.221062793594752,0.0,16.48581640302608,230.07563898311253,852.1819183425876,829.4750391459668,0.0,0.0,0.0,0.0,0.0,1432.6217707145056,23.0,0.0,0.0,0.0,0.0,0.0
2025-04-12 05:00:00+00:00,3,40.0,621.7763349223127,0.0,0.0,621.7763349223126,0.0,0.0,0.0,0.0,0.0,0.0,0.0,0.0,621.7763349223128,0.0,0.0,0.0,621.7763349223128,829.0351132297503,207.25877830743758,0.0,0.0,0.0,0.0,6.217763349223128,0.0,16.477072875441284,229.953614532102,2534.560519363181,829.0351132297503,0.0,0.0,0.0,1682.8305699087664,0.0,3029.09502583578,23.0,0.0,0.0,0.0,-2.2737367544323206e-13,0.0
2025-04-12 06:00:00+00:00,3,40.0,611.6260463844991,0.0,0.0,611.6260463844991,0.0,0.0,0.0,0.0,0.0,0.0,0.0,0.0,611.6260463844994,0.0,0.0,0.0,611.6260463844994,815.5013951793326,203.87534879483314,0.0,0.0,0.0,0.0,6.116260463844995,0.0,16.208090229189228,226.19969948786735,837.8257458723664,815.5013951793326,0.0,0.0,0.0,0.0,0.0,3029.09502583578,23.0,0.0,0.0,0.0,-5.684341886080802e-14,0.0
2025-04-12 07:00:00+00:00,3,40.0,614.2295224662251,0.0,0.0,614.2295224662253,0.0,0.0,0.0,0.0,0.0,0.0,0.0,0.0,614.2295224662257,0.0,0.0,0.0,614.2295224662257,818.9726966216342,204.74317415540855,0.0,0.0,0.0,0.0,6.1422952246622575,0.0,16.27708234535497,227.16255172542577,841.3920741916509,818.9726966216342,0.0,0.0,0.0,0.0,0.0,3029.09502583578,23.0,0.0,0.0,0.0,-5.684341886080802e-14,0.0
2025-04-12 08:00:00+00:00,3,40.0,604.9203762346744,0.0,0.0,604.9203762346747,0.0,0.0,0.0,0.0,0.0,0.0,0.0,0.0,604.920376234675,0.0,0.0,0.0,604.920376234675,806.5605016462333,201.64012541155833,0.0,0.0,0.0,0.0,6.0492037623467505,0.0,16.030389970218877,223.71971914412399,828.6400953787983,806.5605016462333,0.0,0.0,0.0,0.0,0.0,3029.09502583578,23.0,0.0,0.0,0.0,-1.7053025658242404e-13,0.0
2025-04-12 09:00:00+00:00,3,40.0,590.4405190627677,0.0,0.0,590.440519062768,0.0,0.0,0.0,0.0,0.0,0.0,0.0,0.0,590.4405190627683,0.0,0.0,0.0,590.4405190627683,787.2540254170244,196.8135063542561,0.0,0.0,0.0,0.0,5.904405190627683,0.0,15.646673755163354,218.36458530004714,808.8051043628147,787.2540254170244,0.0,0.0,0.0,0.0,0.0,3029.09502583578,23.0,0.0,0.0,0.0,-1.4210854715202004e-13,0.0
2025-04-12 10:00:00+00:00,3,40.0,585.8308116452827,0.0,0.0,585.8308116452827,0.0,0.0,0.0,0.0,0.0,0.0,0.0,0.0,585.830811645283,0.0,0.0,0.0,585.830811645283,781.1077488603773,195.27693721509434,0.0,0.0,0.0,0.0,5.858308116452831,0.0,15.52451650859999,216.65976184014715,0.0,781.1077488603773,0.0,0.0,0.0,0.0,802.4905734854298,2183.195688159551,23.0,0.0,0.0,0.0,-5.684341886080802e-14,0.0
2025-04-12 11:00:00+00:00,3,40.0,603.6369348482709,0.0,0.0,603.6369348482709,0.0,0.0,0.0,0.0,0.0,0.0,0.0,0.0,603.6369348482714,0.0,0.0,0.0,603.6369348482714,804.8492464643618,201.21231161609046,0.0,0.0,0.0,0.0,6.036369348482714,0.0,15.99637877347918,223.24505973805236,0.0,804.8492464643618,0.0,0.0,0.0,0.0,826.8819945863231,1311.5855351342843,23.0,0.0,0.0,0.0,-1.7053025658242404e-13,0.0
2025-04-12 12:00:00+00:00,3,40.0,587.5752134922676,0.0,0.0,587.5752134922676,0.0,0.0,0.0,0.0,0.0,0.0,0.0,0.0,587.575213492268,0.0,0.0,0.0,587.575213492268,783.4336179896906,195.85840449742264,0.0,0.0,0.0,0.0,5.87575213492268,0.0,15.570743157545094,217.3048997898904,0.0,783.4336179896906,0.0,0.0,0.0,0.0,804.8801132821579,463.1674013522968,23.0,0.0,0.0,0.0,-8.526512829121202e-14,0.0
2025-04-12 13:00:00+00:00,3,40.0,587.3429344296986,0.0,0.0,587.3429344296985,0.0,0.0,0.0,0.0,0.0,0.0,0.0,0.0,587.342934429699,0.0,0.0,0.0,587.342934429699,783.1239125729319,195.78097814323297,0.0,0.0,0.0,0.0,5.87342934429699,0.0,15.56458776238701,217.218995249917,804.5619296796154,783.1239125729319,0.0,0.0,0.0,0.0,0.0,463.1674013522968,23.0,0.0,0.0,0.0,-1.7053025658242404e-13,0.0
2025-04-12 14:00:00+00:00,3,40.0,601.6461876718628,0.0,0.0,601.646187671863,0.0,0.0,0.0,0.0,0.0,0.0,0.0,0.0,601.6461876718633,0.0,0.0,0.0,601.6461876718633,802.1949168958178,200.54872922395444,0.0,0.0,0.0,0.0,6.016461876718633,0.0,15.94362397330437,222.50881507397744,2506.985572654606,802.1949168958178,0.0,0.0,0.0,1682.8305699087662,0.0,2059.6406564735707,23.0,0.0,0.0,0.0,-2.2737367544323206e-13,0.0
2025-04-12 15:00:00+00:00,3,40.0,611.9794187319865,0.0,0.0,611.9794187319864,0.0,0.0,0.0,0.0,0.0,0.0,0.0,0.0,611.9794187319866,0.0,0.0,0.0,611.9794187319867,815.9725583093156,203.9931395773289,0.0,0.0,0.0,0.0,6.119794187319867,0.0,16.217454596397637,226.33038836104637,838.3098070930326,815.9725583093156,0.0,0.0,0.0,0.0,0.0,2059.6406564735707,23.0,0.0,0.0,0.0,-1.9895196601282805e-13,0.0
2025-04-12 16:00:00+00:00,3,40.0,601.341069378107,0.0,0.0,601.341069378107,0.0,0.0,0.0,0.0,0.0,0.0,0.0,0.0,601.3410693781074,0.0,0.0,0.0,601.3410693781074,801.7880925041432,200.4470231260358,0.0,0.0,0.0,0.0,6.013410693781074,0.0,15.935538338519835,222.39597215833672,1845.631673132023,801.7880925041432,0.0,0.0,0.0,1021.8946315955794,0.0,3029.09502583578,23.0,0.0,0.0,0.0,-1.1368683772161603e-13,0.0
2025-04-12 17:00:00+00:00,3,40.0,601.6324184303065,0.0,0.0,601.6324184303063,0.0,0.0,0.0,0.0,0.0,0.0,0.0,0.0,601.6324184303065,0.0,0.0,0.0,601.6324184303065,802.1765579070753,200.54413947676883,0.0,0.0,0.0,0.0,6.016324184303065,0.0,15.943259088403117,222.50372274947503,0.0,802.1765579070753,0.0,0.0,0.0,0.0,824.1361411797815,2160.379256439048,23.0,0.0,0.0,0.0,-8.526512829121202e-14,0.0
2025-04-12 18:00:00+00:00,3,40.0,613.4341598466564,0.0,0.0,613.4341598466565,0.0,0.0,0.0,0.0,0.0,0.0,0.0,0.0,613.4341598466568,0.0,0.0,0.0,613.4341598466568,817.9122131288757,204.47805328221892,0.0,0.0,0.0,0.0,6.134341598466569,0.0,16.256005235936396,226.86840011662187,749.3249741905613,817.9122131288757,0.0,0.0,0.0,0.0,90.97758577271675,2064.4804607506762,23.0,0.0,0.0,0.0,-1.4210854715202004e-13,0.0
2025-04-12 19:00:00+00:00,3,40.0,603.0152505070226,0.0,0.0,603.0152505070228,0.0,0.0,0.0,0.0,0.0,0.0,0.0,0.0,603.0152505070232,0.0,0.0,0.0,603.0152505070232,804.0203340093642,201.00508350234105,0.0,0.0,0.0,0.0,6.030152505070232,0.0,15.979904138436103,223.01514014584737,0.0,804.0203340093642,0.0,0.0,0.0,0.0,826.03039065287,1193.7679770900995,23.0,0.0,0.0,0.0,-2.842170943040401e-14,0.0
2025-04-12 20:00:00+00:00,3,40.0,593.6584187288023,0.0,0.0,593.6584187288022,0.0,0.0,0.0,0.0,0.0,0.0,0.0,0.0,593.6584187288024,0.0,0.0,0.0,593.6584187288024,791.5445583050698,197.88613957626745,0.0,0.0,0.0,0.0,5.936584187288024,0.0,15.731948096313257,219.55467185986873,0.0,791.5445583050698,0.0,0.0,0.0,0.0,813.2130905886709,336.5661139817533,23.0,0.0,0.0,0.0,-1.7053025658242404e-13,0.0
2025-04-12 21:00:00+00:00,3,40.0,591.4524405914619,0.0,0.0,591.452440591462,0.0,0.0,0.0,0.0,0.0,0.0,0.0,0.0,591.4524405914624,0.0,0.0,0.0,591.4524405914624,788.6032541219498,197.15081353048745,0.0,0.0,0.0,0.0,5.914524405914624,0.0,15.673489675673745,218.73882761207582,810.1912682035377,788.6032541219498,0.0,0.0,0.0,0.0,0.0,336.5661139817533,23.0,0.0,0.0,0.0,-8.526512829121202e-14,0.0
2025-04-12 22:00:00+00:00,3,40.0,594.2428085530144,0.0,0.0,594.2428085530145,0.0,0.0,0.0,0.0,0.0,0.0,0.0,0.0,594.2428085530147,0.0,0.0,0.0,594.2428085530147,792.3237447373529,198.0809361843382,0.0,0.0,0.0,0.0,5.942428085530147,0.0,15.747434426654882,219.77079869652323,814.0136072495376,792.3237447373529,0.0,0.0,0.0,0.0,0.0,336.5661139817533,23.0,0.0,0.0,0.0,0.0,0.0
2025-04-12 23:00:00+00:00,3,40.0,606.9759122765488,0.0,0.0,606.9759122765491,0.0,0.0,0.0,0.0,0.0,0.0,0.0,0.0,606.9759122765495,0.0,0.0,0.0,606.9759122765495,809.3012163687326,202.32530409218316,0.0,0.0,0.0,0.0,6.069759122765495,0.0,16.08486167532855,224.4799248902772,831.4558371668259,809.3012163687326,0.0,0.0,0.0,0.0,0.0,336.5661139817533,23.0,0.0,0.0,0.0,-1.4210854715202004e-13,0.0
2025-06-08 00:00:00+00:00,4,59.0,533.7715859920365,0.0,0.0,533.7715859920365,0.0,0.0,0.0,0.0,0.0,0.0,0.0,0.0,533.771585992037,0.0,0.0,0.0,533.771585992037,711.6954479893826,177.92386199734565,0.0,0.0,0.0,0.0,5.33771585992037,0.0,14.144947028788968,197.406524886055,1886.5222167404795,711.6954479893826,0.0,0.0,0.0,1155.3441058623882,0.0,1432.6217707145056,23.0,0.0,0.0,0.0,-2.2737367544323206e-13,0.0
2025-06-08 01:00:00+00:00,4,59.0,539.7988065713527,0.0,0.0,539.7988065713527,0.0,0.0,0.0,0.0,0.0,0.0,0.0,0.0,539.798806571353,0.0,0.0,0.0,539.798806571353,719.7317420951373,179.93293552378432,0.0,0.0,0.0,0.0,5.39798806571353,0.0,14.304668374140848,199.6355919636387,739.4343985349913,719.7317420951373,0.0,0.0,0.0,0.0,0.0,1432.6217707145056,23.0,0.0,0.0,0.0,-8.526512829121202e-14,0.0
2025-06-08 02:00:00+00:00,4,59.0,550.1087276650597,0.0,0.0,550.1087276650597,0.0,0.0,0.0,0.0,0.0,0.0,0.0,0.0,550.10872766506,0.0,0.0,0.0,550.10872766506,733.4783035534133,183.36957588835332,0.0,0.0,0.0,0.0,5.5010872766506,0.0,14.57788128312408,203.448544448128,753.5572721131877,733.4783035534133,0.0,0.0,0.0,0.0,0.0,1432.6217707145056,23.0,0.0,0.0,0.0,-8.526512829121202e-14,0.0
2025-06-08 03:00:00+00:00,4,59.0,557.8387070527873,0.0,0.0,557.8387070527874,0.0,0.0,0.0,0.0,0.0,0.0,0.0,0.0,557.8387070527876,0.0,0.0,0.0,557.8387070527876,743.7849427370502,185.94623568426255,0.0,0.0,0.0,0.0,5.578387070527876,0.0,14.782725736898863,206.30734849168928,764.1460555444766,743.7849427370502,0.0,0.0,0.0,0.0,0.0,1432.6217707145056,23.0,0.0,0.0,0.0,-2.842170943040401e-14,0.0
2025-06-08 04:00:00+00:00,4,59.0,567.6394526732597,0.0,0.0,567.6394526732596,0.0,0.0,0.0,0.0,0.0,0.0,0.0,0.0,567.63945267326,0.0,0.0,0.0,567.63945267326,756.8526035643467,189.21315089108668,0.0,0.0,0.0,0.0,5.676394526732601,0.0,15.042445495841381,209.93199091366066,2460.402013495687,756.8526035643467,0.0,0.0,0.0,1682.8305699087664,0.0,3029.09502583578,23.0,0.0,0.0,0.0,0.0,0.0
2025-06-08 05:00:00+00:00,4,59.0,573.4548083029803,0.0,0.0,573.4548083029803,0.0,0.0,0.0,0.0,0.0,0.0,0.0,0.0,573.4548083029805,0.0,0.0,0.0,573.4548083029805,764.6064110706407,191.15160276766017,0.0,0.0,0.0,0.0,5.7345480830298055,0.0,15.196552420028974,212.08270327071895,785.5375115736991,764.6064110706407,0.0,0.0,0.0,0.0,0.0,3029.09502583578,23.0,0.0,0.0,0.0,-8.526512829121202e-14,0.0
2025-06-08 06:00:00+00:00,4,59.0,574.3479209335916,0.0,0.0,574.3479209335917,0.0,0.0,0.0,0.0,0.0,0.0,0.0,0.0,574.3479209335921,0.0,0.0,0.0,574.3479209335921,765.7972279114562,191.44930697786404,0.0,0.0,0.0,0.0,5.743479209335922,0.0,15.22021990474018,212.41300609194016,786.7609270255315,765.7972279114562,0.0,0.0,0.0,0.0,0.0,3029.09502583578,23.0,0.0,0.0,0.0,-2.5579538487363607e-13,0.0
2025-06-08 07:00:00+00:00,4,59.0,587.6244849481474,0.0,0.0,587.6244849481474,0.0,0.0,0.0,0.0,0.0,0.0,0.0,0.0,587.6244849481476,0.0,0.0,0.0,587.6244849481476,783.4993132641968,195.8748283160492,0.0,0.0,0.0,0.0,5.876244849481476,0.0,15.572048851125905,217.32312201665658,804.9476069648039,783.4993132641968,0.0,0.0,0.0,0.0,0.0,3029.09502583578,23.0,0.0,0.0,0.0,-8.526512829121202e-14,0.0
2025-06-08 08:00:00+00:00,4,59.0,581.0087451866085,0.0,0.0,581.0087451866086,0.0,0.0,0.0,0.0,0.0,0.0,0.0,0.0,581.0087451866088,0.0,0.0,0.0,581.0087451866088,774.6783269154785,193.66958172886962,0.0,0.0,0.0,0.0,5.810087451866089,0.0,15.396731747445125,214.87640092818083,795.8851461147892,774.6783269154785,0.0,0.0,0.0,0.0,0.0,3029.09502583578,23.0,0.0,0.0,0.0,-1.1368683772161603e-13,0.0
2025-06-08 09:00:00+00:00,4,59.0,573.688846646571,0.0,0.0,573.6888466465709,0.0,0.0,0.0,0.0,0.0,0.0,0.0,0.0,573.6888466465713,0.0,0.0,0.0,573.6888466465713,764.9184621954283,191.22961554885708,0.0,0.0,0.0,0.0,5.736888466465713,0.0,15.20275443613413,212.16925845145693,785.8581050980279,764.9184621954283,0.0,0.0,0.0,0.0,0.0,3029.09502583578,23.0,0.0,0.0,0.0,-1.1368683772161603e-13,0.0
2025-06-08 10:00:00+00:00,4,59.0,601.5449930373906,0.0,0.0,601.5449930373906,0.0,0.0,0.0,0.0,0.0,0.0,0.0,0.0,601.544993037391,0.0,0.0,0.0,601.5449930373909,802.0599907165212,200.5149976791303,0.0,0.0,0.0,0.0,6.015449930373909,0.0,15.94094231549085,222.47138992499504,0.0,802.0599907165212,0.0,0.0,0.0,0.0,824.0163829623854,2160.505492684212,23.0,0.0,0.0,0.0,-2.2737367544323206e-13,0.0
2025-06-08 11:00:00+00:00,4,59.0,599.1087743548802,0.0,0.0,599.1087743548801,0.0,0.0,0.0,0.0,0.0,0.0,0.0,0.0,599.1087743548807,0.0,0.0,0.0,599.1087743548807,798.8116991398408,199.7029247849602,0.0,0.0,0.0,0.0,5.991087743548807,0.0,15.876382520404325,221.57039504891333,0.0,798.8116991398408,0.0,0.0,0.0,0.0,820.6791694037934,1295.4336914938267,23.0,0.0,0.0,0.0,-1.7053025658242404e-13,0.0
2025-06-08 12:00:00+00:00,4,59.0,573.3878792981064,0.0,0.0,573.3878792981063,0.0,0.0,0.0,0.0,0.0,0.0,0.0,0.0,573.3878792981066,0.0,0.0,0.0,573.3878792981066,764.5171723974754,191.12929309936885,0.0,0.0,0.0,0.0,5.7338787929810655,0.0,15.194778801399817,212.05795069374975,0.0,764.5171723974754,0.0,0.0,0.0,0.0,785.4458299918562,467.50109100860743,23.0,0.0,0.0,0.0,-2.842170943040401e-14,0.0
2025-06-08 13:00:00+00:00,4,59.0,560.2216272120861,0.0,0.0,560.2216272120861,0.0,0.0,0.0,0.0,0.0,0.0,0.0,0.0,560.2216272120863,0.0,0.0,0.0,560.2216272120863,746.962169616115,186.74054240402876,0.0,0.0,0.0,0.0,5.602216272120863,0.0,14.845873121120281,207.18863179726992,1784.736780609517,746.962169616115,0.0,0.0,0.0,1017.3265216001612,0.0,1432.6217707145056,23.0,0.0,0.0,0.0,-2.2737367544323206e-13,0.0
2025-06-08 14:00:00+00:00,4,59.0,563.5201585637637,0.0,0.0,563.5201585637636,0.0,0.0,0.0,0.0,0.0,0.0,0.0,0.0,563.5201585637637,0.0,0.0,0.0,563.5201585637637,751.3602114183516,187.8400528545879,0.0,0.0,0.0,0.0,5.635201585637637,0.0,14.933284201939733,208.40853864216527,771.9286972059289,751.3602114183516,0.0,0.0,0.0,0.0,0.0,1432.6217707145056,23.0,0.0,0.0,0.0,-1.4210854715202004e-13,0.0
2025-06-08 15:00:00+00:00,4,59.0,602.3562590129512,0.0,0.0,602.3562590129512,0.0,0.0,0.0,0.0,0.0,0.0,0.0,0.0,602.3562590129516,0.0,0.0,0.0,602.3562590129516,803.1416786839354,200.78541967098386,0.0,0.0,0.0,0.0,6.023562590129516,0.0,15.96244086384321,222.77142312495658,2507.958252046674,803.1416786839354,0.0,0.0,0.0,1682.8305699087664,0.0,3029.09502583578,23.0,0.0,0.0,0.0,-4.547473508864641e-13,0.0
2025-06-08 16:00:00+00:00,4,59.0,615.9337377087282,0.0,0.0,615.933737708728,0.0,0.0,0.0,0.0,0.0,0.0,0.0,0.0,615.9337377087285,0.0,0.0,0.0,615.9337377087285,821.244983611638,205.3112459029095,0.0,0.0,0.0,0.0,6.159337377087285,0.0,16.32224404928129,227.79282732927808,843.7265650380061,821.244983611638,0.0,0.0,0.0,0.0,0.0,3029.09502583578,23.0,0.0,0.0,0.0,-1.9895196601282805e-13,0.0
2025-06-08 17:00:00+00:00,4,59.0,615.2947380645251,0.0,0.0,615.294738064525,0.0,0.0,0.0,0.0,0.0,0.0,0.0,0.0,615.2947380645253,0.0,0.0,0.0,615.2947380645253,820.3929840860337,205.09824602150843,0.0,0.0,0.0,0.0,6.152947380645253,0.0,16.30531055870991,227.5565039608636,0.0,820.3929840860337,0.0,0.0,0.0,0.0,842.8512420253885,2140.6518080017604,23.0,0.0,0.0,0.0,-1.7053025658242404e-13,0.0
2025-06-08 18:00:00+00:00,4,59.0,612.0817645453157,0.0,0.0,612.0817645453158,0.0,0.0,0.0,0.0,0.0,0.0,0.0,0.0,612.0817645453161,0.0,0.0,0.0,612.0817645453161,816.1090193937548,204.0272548484387,0.0,0.0,0.0,0.0,6.120817645453161,0.0,16.220166760450866,226.36823925434274,838.4500037996582,816.1090193937548,0.0,0.0,0.0,0.0,0.0,2140.6518080017604,23.0,0.0,0.0,0.0,-1.4210854715202004e-13,0.0
2025-06-08 19:00:00+00:00,4,59.0,612.7765898880782,0.0,0.0,612.7765898880782,0.0,0.0,0.0,0.0,0.0,0.0,0.0,0.0,612.7765898880785,0.0,0.0,0.0,612.7765898880785,817.0354531841047,204.25886329602616,0.0,0.0,0.0,0.0,6.127765898880786,0.0,16.238579632034075,226.62520882694105,784.0913135843898,817.0354531841047,0.0,0.0,0.0,0.0,55.31048513062935,2082.3494375012056,23.0,0.0,0.0,0.0,-1.1368683772161603e-13,0.0
2025-06-08 20:00:00+00:00,4,59.0,607.230338178339,0.0,0.0,607.230338178339,0.0,0.0,0.0,0.0,0.0,0.0,0.0,0.0,607.2303381783395,0.0,0.0,0.0,607.2303381783395,809.6404509044526,202.41011272611314,0.0,0.0,0.0,0.0,6.072303381783395,0.0,16.091603961725983,224.57402006962252,0.0,809.6404509044526,0.0,0.0,0.0,0.0,831.8043582479614,1205.550657595131,23.0,0.0,0.0,0.0,-1.1368683772161603e-13,0.0
2025-06-08 21:00:00+00:00,4,59.0,601.818559038856,0.0,0.0,601.8185590388562,0.0,0.0,0.0,0.0,0.0,0.0,0.0,0.0,601.8185590388566,0.0,0.0,0.0,601.8185590388566,802.4247453851422,200.60618634628554,0.0,0.0,0.0,0.0,6.018185590388566,0.0,15.948191814529688,222.57256375120377,0.0,802.4247453851422,0.0,0.0,0.0,0.0,824.3911227900596,336.5661139817533,23.0,0.0,0.0,0.0,-1.9895196601282805e-13,0.0
2025-06-08 22:00:00+00:00,4,59.0,595.4712304975054,0.0,0.0,595.4712304975056,0.0,0.0,0.0,0.0,0.0,0.0,0.0,0.0,595.471230497506,0.0,0.0,0.0,595.471230497506,793.9616406633413,198.49041016583533,0.0,0.0,0.0,0.0,5.95471230497506,0.0,15.7799876081839,220.22511007899428,815.6963405764996,793.9616406633413,0.0,0.0,0.0,0.0,0.0,336.5661139817533,23.0,0.0,0.0,0.0,-1.4210854715202004e-13,0.0
2025-06-08 23:00:00+00:00,4,59.0,594.7509750451991,0.0,0.0,594.7509750451991,0.0,0.0,0.0,0.0,0.0,0.0,0.0,0.0,594.7509750451994,0.0,0.0,0.0,594.7509750451994,793.0013000602659,198.25032501506647,0.0,0.0,0.0,0.0,5.947509750451994,0.0,15.76090083869778,219.95873560421623,814.7097106494152,793.0013000602659,0.0,0.0,0.0,0.0,0.0,336.5661139817533,23.0,0.0,0.0,0.0,-8.526512829121202e-14,0.0
2025-07-04 00:00:00+00:00,5,66.0,563.9915753682908,0.0,0.0,563.9915753682908,0.0,0.0,0.0,0.0,0.0,0.0,0.0,0.0,563.9915753682911,0.0,0.0,0.0,563.9915753682911,751.9887671577214,187.99719178943036,0.0,0.0,0.0,0.0,5.639915753682912,0.0,14.945776747259705,208.582884290373,772.5744596586637,751.9887671577214,0.0,0.0,0.0,0.0,0.0,336.5661139817533,23.0,0.0,0.0,0.0,-5.684341886080802e-14,0.0
2025-07-04 01:00:00+00:00,5,66.0,555.1412780435036,0.0,0.0,555.1412780435036,0.0,0.0,0.0,0.0,0.0,0.0,0.0,0.0,555.1412780435038,0.0,0.0,0.0,555.1412780435038,740.1883707246717,185.04709268116792,0.0,0.0,0.0,0.0,5.551412780435038,0.0,14.711243868152842,205.30974932975582,760.4510273732592,740.1883707246717,0.0,0.0,0.0,0.0,0.0,336.5661139817533,23.0,0.0,0.0,0.0,-1.9895196601282805e-13,0.0
2025-07-04 02:00:00+00:00,5,66.0,552.5011766364046,0.0,0.0,552.5011766364047,0.0,0.0,0.0,0.0,0.0,0.0,0.0,0.0,552.5011766364051,0.0,0.0,0.0,552.5011766364051,736.6682355152068,184.1670588788017,0.0,0.0,0.0,0.0,5.5250117663640514,0.0,14.641281180864723,204.33335182603048,756.834528462435,736.6682355152068,0.0,0.0,0.0,0.0,0.0,336.5661139817533,23.0,0.0,0.0,0.0,-1.1368683772161603e-13,0.0
2025-07-04 03:00:00+00:00,5,66.0,551.0076919155335,0.0,0.0,551.0076919155335,0.0,0.0,0.0,0.0,0.0,0.0,0.0,0.0,551.0076919155339,0.0,0.0,0.0,551.0076919155339,734.6769225540452,183.6692306385113,0.0,0.0,0.0,0.0,5.510076919155339,0.0,14.601703835761642,203.7810113934283,1910.13280917135,734.6769225540452,0.0,0.0,0.0,1155.3441058623882,0.0,1432.6217707145056,23.0,0.0,0.0,0.0,-2.2737367544323206e-13,0.0
2025-07-04 04:00:00+00:00,5,66.0,549.5207933280129,0.0,0.0,549.520793328013,0.0,0.0,0.0,0.0,0.0,0.0,0.0,0.0,549.5207933280134,0.0,0.0,0.0,549.5207933280134,732.6943911040178,183.17359777600444,0.0,0.0,0.0,0.0,5.495207933280134,0.0,14.562301023192346,203.23110673247692,752.7519000604897,732.6943911040178,0.0,0.0,0.0,0.0,0.0,1432.6217707145056,23.0,0.0,0.0,0.0,-1.7053025658242404e-13,0.0
2025-07-04 05:00:00+00:00,5,66.0,548.7210887916489,0.0,0.0,548.7210887916488,0.0,0.0,0.0,0.0,0.0,0.0,0.0,0.0,548.7210887916491,0.0,0.0,0.0,548.7210887916491,731.6281183888655,182.90702959721636,0.0,0.0,0.0,0.0,5.487210887916491,0.0,14.541108852978692,202.93534933811154,2434.4870080385267,731.6281183888655,0.0,0.0,0.0,1682.8305699087664,0.0,3029.09502583578,23.0,0.0,0.0,0.0,-2.2737367544323206e-13,0.0
2025-07-04 06:00:00+00:00,5,66.0,545.4642942317033,0.0,0.0,545.4642942317033,0.0,0.0,0.0,0.0,0.0,0.0,0.0,0.0,545.4642942317037,0.0,0.0,0.0,545.4642942317037,727.2857256422715,181.82143141056787,0.0,0.0,0.0,0.0,5.454642942317037,0.0,14.454803797140135,201.73087815002503,747.1951723817283,727.2857256422715,0.0,0.0,0.0,0.0,0.0,3029.09502583578,23.0,0.0,0.0,0.0,-5.684341886080802e-14,0.0
2025-07-04 07:00:00+00:00,5,66.0,550.4560618809871,0.0,0.0,550.4560618809871,0.0,0.0,0.0,0.0,0.0,0.0,0.0,0.0,550.4560618809875,0.0,0.0,0.0,550.4560618809875,733.9414158413166,183.48535396032915,0.0,0.0,0.0,0.0,5.504560618809875,0.0,14.587085639846158,203.57700021898518,754.0330620999721,733.9414158413166,0.0,0.0,0.0,0.0,0.0,3029.09502583578,23.0,0.0,0.0,0.0,-2.2737367544323206e-13,0.0
2025-07-04 08:00:00+00:00,5,66.0,556.6533948802451,0.0,0.0,556.653394880245,0.0,0.0,0.0,0.0,0.0,0.0,0.0,0.0,556.6533948802453,0.0,0.0,0.0,556.6533948802453,742.2045265069937,185.55113162674843,0.0,0.0,0.0,0.0,5.566533948802453,0.0,14.751314964326491,205.86898053987738,762.5223754201223,742.2045265069937,0.0,0.0,0.0,0.0,0.0,3029.09502583578,23.0,0.0,0.0,0.0,-1.1368683772161603e-13,0.0
2025-07-04 09:00:00+00:00,5,66.0,555.5835646963462,0.0,0.0,555.5835646963465,0.0,0.0,0.0,0.0,0.0,0.0,0.0,0.0,555.5835646963467,0.0,0.0,0.0,555.5835646963467,740.7780862617956,185.1945215654489,0.0,0.0,0.0,0.0,5.555835646963467,0.0,14.722964464453181,205.47332167686554,761.0568863732117,740.7780862617956,0.0,0.0,0.0,0.0,0.0,3029.09502583578,23.0,0.0,0.0,0.0,-8.526512829121202e-14,0.0
2025-07-04 10:00:00+00:00,5,66.0,550.261433786104,0.0,0.0,550.2614337861042,0.0,0.0,0.0,0.0,0.0,0.0,0.0,0.0,550.2614337861045,0.0,0.0,0.0,550.2614337861045,733.6819117148059,183.42047792870147,0.0,0.0,0.0,0.0,5.502614337861045,0.0,14.581927995331762,203.5050202618943,0.0,733.6819117148059,0.0,0.0,0.0,0.0,753.7664540479983,2234.5554196290063,23.0,0.0,0.0,0.0,0.0,0.0
2025-07-04 11:00:00+00:00,5,66.0,546.3146459630349,0.0,0.0,546.314645963035,0.0,0.0,0.0,0.0,0.0,0.0,0.0,0.0,546.3146459630352,0.0,0.0,0.0,546.3146459630352,728.4195279507136,182.1048819876784,0.0,0.0,0.0,0.0,5.4631464596303525,0.0,14.477338118020423,202.04536656532918,0.0,728.4195279507136,0.0,0.0,0.0,0.0,748.3600125283639,1445.714703168415,23.0,0.0,0.0,0.0,-1.7053025658242404e-13,0.0
2025-07-04 12:00:00+00:00,5,66.0,528.2937908443811,0.0,0.0,528.2937908443811,0.0,0.0,0.0,0.0,0.0,0.0,0.0,0.0,528.2937908443813,0.0,0.0,0.0,528.2937908443813,704.3917211258417,176.09793028146044,0.0,0.0,0.0,0.0,5.282937908443813,0.0,13.999785457376099,195.38065364728035,0.0,704.3917211258417,0.0,0.0,0.0,0.0,723.6744444916613,682.8948601515009,23.0,0.0,0.0,0.0,-8.526512829121202e-14,0.0
2025-07-04 13:00:00+00:00,5,66.0,533.0204014272432,0.0,0.0,533.0204014272434,0.0,0.0,0.0,0.0,0.0,0.0,0.0,0.0,533.0204014272438,0.0,0.0,0.0,533.0204014272438,710.6938685696583,177.67346714241458,0.0,0.0,0.0,0.0,5.330204014272438,0.0,14.12504063782195,197.12871179450894,730.149113221752,710.6938685696583,0.0,0.0,0.0,0.0,0.0,682.8948601515009,23.0,0.0,0.0,0.0,-1.1368683772161603e-13,0.0
2025-07-04 14:00:00+00:00,5,66.0,542.9667361061917,0.0,0.0,542.9667361061917,0.0,0.0,0.0,0.0,0.0,0.0,0.0,0.0,542.9667361061921,0.0,0.0,0.0,542.9667361061921,723.9556481415894,180.98891203539736,0.0,0.0,0.0,0.0,5.429667361061921,0.0,14.388618506814078,200.80719790327336,2426.604503918231,723.9556481415894,0.0,0.0,0.0,1682.8305699087662,0.0,2279.368115272775,23.0,0.0,0.0,0.0,-2.2737367544323206e-13,0.0
2025-07-04 15:00:00+00:00,5,66.0,550.8725653404197,0.0,0.0,550.8725653404197,0.0,0.0,0.0,0.0,0.0,0.0,0.0,0.0,550.8725653404201,0.0,0.0,0.0,550.8725653404201,734.4967537872268,183.6241884468067,0.0,0.0,0.0,0.0,5.508725653404201,0.0,14.59812298152112,203.73103708173204,1544.8851559223003,734.4967537872268,0.0,0.0,0.0,790.2815535001489,0.0,3029.09502583578,23.0,0.0,0.0,0.0,-2.2737367544323206e-13,0.0
2025-07-04 16:00:00+00:00,5,66.0,552.7409734503183,0.0,0.0,552.7409734503184,0.0,0.0,0.0,0.0,0.0,0.0,0.0,0.0,552.7409734503187,0.0,0.0,0.0,552.7409734503187,736.9879646004249,184.24699115010623,0.0,0.0,0.0,0.0,5.527409734503188,0.0,14.647635796433434,204.42203668104284,0.0,736.9879646004249,0.0,0.0,0.0,0.0,757.1630101313609,2230.975135154364,23.0,0.0,0.0,0.0,-1.9895196601282805e-13,0.0
2025-07-04 17:00:00+00:00,5,66.0,552.7391264069563,0.0,0.0,552.7391264069562,0.0,0.0,0.0,0.0,0.0,0.0,0.0,0.0,552.7391264069565,0.0,0.0,0.0,552.7391264069565,736.985501875942,184.2463754689855,0.0,0.0,0.0,0.0,5.527391264069565,0.0,14.64758684978434,204.4213535828394,599.9563165963159,736.985501875942,0.0,0.0,0.0,0.0,157.20416339347972,2065.2673971594772,23.0,0.0,0.0,0.0,-1.1368683772161603e-13,0.0
2025-07-04 18:00:00+00:00,5,66.0,600.702697724789,0.0,0.0,600.7026977247889,0.0,0.0,0.0,0.0,0.0,0.0,0.0,0.0,600.7026977247892,0.0,0.0,0.0,600.7026977247893,800.936930299719,200.23423257492976,0.0,0.0,0.0,0.0,6.007026977247894,0.0,15.918621489706904,222.15988104188457,0.0,800.936930299719,0.0,0.0,0.0,0.0,822.8625787666734,1197.8940804186789,23.0,0.0,0.0,0.0,-1.4210854715202004e-13,0.0
2025-07-04 19:00:00+00:00,5,66.0,596.5159673214683,0.0,0.0,596.5159673214683,0.0,0.0,0.0,0.0,0.0,0.0,0.0,0.0,596.5159673214686,0.0,0.0,0.0,596.5159673214686,795.3546230952913,198.83865577382284,0.0,0.0,0.0,0.0,5.965159673214686,0.0,15.807673134018911,220.61148858105642,0.0,795.3546230952913,0.0,0.0,0.0,0.0,817.1274559025248,336.5661139817533,23.0,0.0,0.0,0.0,8.526512829121202e-14,0.0
2025-07-04 20:00:00+00:00,5,66.0,552.0518882796927,0.0,0.0,552.0518882796925,0.0,0.0,0.0,0.0,0.0,0.0,0.0,0.0,552.0518882796929,0.0,0.0,0.0,552.0518882796929,736.0691843729238,184.01729609323095,0.0,0.0,0.0,0.0,5.520518882796929,0.0,14.629375039411853,204.16719001543973,756.2190782951322,736.0691843729238,0.0,0.0,0.0,0.0,0.0,336.5661139817533,23.0,0.0,0.0,0.0,-1.4210854715202004e-13,0.0
2025-07-04 21:00:00+00:00,5,66.0,536.4362197122941,0.0,0.0,536.4362197122941,0.0,0.0,0.0,0.0,0.0,0.0,0.0,0.0,536.4362197122946,0.0,0.0,0.0,536.4362197122946,715.2482929497261,178.81207323743152,0.0,0.0,0.0,0.0,5.364362197122946,0.0,14.215559822375795,198.39199525693027,734.8282149692243,715.2482929497261,0.0,0.0,0.0,0.0,0.0,336.5661139817533,23.0,0.0,0.0,0.0,-1.1368683772161603e-13,0.0
2025-07-04 22:00:00+00:00,5,66.0,531.4018969505333,0.0,0.0,531.4018969505333,0.0,0.0,0.0,0.0,0.0,0.0,0.0,0.0,531.4018969505337,0.0,0.0,0.0,531.4018969505337,708.5358626007115,177.13396565017788,0.0,0.0,0.0,0.0,5.314018969505337,0.0,14.082150269189134,196.53013488887234,727.9320318394056,708.5358626007115,0.0,0.0,0.0,0.0,0.0,336.5661139817533,23.0,0.0,0.0,0.0,-1.1368683772161603e-13,0.0
2025-07-04 23:00:00+00:00,5,66.0,528.6869526739996,0.0,0.0,528.6869526739996,0.0,0.0,0.0,0.0,0.0,0.0,0.0,0.0,528.6869526739998,0.0,0.0,0.0,528.6869526739998,704.9159368986664,176.2289842246666,0.0,0.0,0.0,0.0,5.2868695267399985,0.0,14.010204245860988,195.52605799726757,724.213010671267,704.9159368986664,0.0,0.0,0.0,0.0,0.0,336.5661139817533,23.0,0.0,0.0,0.0,-1.1368683772161603e-13,0.0
2025-09-25 00:00:00+00:00,6,31.0,580.626548407498,0.0,0.0,580.6265484074981,0.0,0.0,0.0,0.0,0.0,0.0,0.0,0.0,580.6265484074985,0.0,0.0,0.0,580.6265484074985,774.168731209998,193.5421828024995,0.0,0.0,0.0,0.0,5.806265484074985,0.0,15.3866035327987,214.73505181937318,795.3616002268711,774.168731209998,0.0,0.0,0.0,0.0,0.0,1432.6217707145056,23.0,0.0,0.0,0.0,-8.526512829121202e-14,0.0
2025-09-25 01:00:00+00:00,6,31.0,562.9993564957928,0.0,0.0,562.9993564957928,0.0,0.0,0.0,0.0,0.0,0.0,0.0,0.0,562.9993564957932,0.0,0.0,0.0,562.9993564957932,750.6658086610576,187.6664521652644,0.0,0.0,0.0,0.0,5.629993564957933,0.0,14.919482947138508,208.21592867736084,2454.04585508192,750.6658086610576,0.0,0.0,0.0,1682.8305699087664,0.0,3029.09502583578,23.0,0.0,0.0,0.0,0.0,0.0
2025-09-25 02:00:00+00:00,6,31.0,556.114965201294,0.0,0.0,556.1149652012939,0.0,0.0,0.0,0.0,0.0,0.0,0.0,0.0,556.1149652012945,0.0,0.0,0.0,556.1149652012945,741.4866202683926,185.37165506709815,0.0,0.0,0.0,0.0,5.561149652012944,0.0,14.73704657783429,205.66985129694538,761.7848164982393,741.4866202683926,0.0,0.0,0.0,0.0,0.0,3029.09502583578,23.0,0.0,0.0,0.0,-1.4210854715202004e-13,0.0
2025-09-25 03:00:00+00:00,6,31.0,560.6667242125247,0.0,0.0,560.6667242125249,0.0,0.0,0.0,0.0,0.0,0.0,0.0,0.0,560.6667242125252,0.0,0.0,0.0,560.6667242125252,747.5556322833669,186.88890807084172,0.0,0.0,0.0,0.0,5.606667242125252,0.0,14.857668191631909,207.35324350459888,768.0199677171234,747.5556322833669,0.0,0.0,0.0,0.0,0.0,3029.09502583578,23.0,0.0,0.0,0.0,-1.7053025658242404e-13,0.0
2025-09-25 04:00:00+00:00,6,31.0,559.6339773760104,0.0,0.0,559.6339773760105,0.0,0.0,0.0,0.0,0.0,0.0,0.0,0.0,559.6339773760109,0.0,0.0,0.0,559.6339773760109,746.1786365013478,186.54465912533695,0.0,0.0,0.0,0.0,5.596339773760109,0.0,14.830300400464278,206.97129929956134,766.6052766755715,746.1786365013478,0.0,0.0,0.0,0.0,0.0,3029.09502583578,23.0,0.0,0.0,0.0,-2.2737367544323206e-13,0.0
2025-09-25 05:00:00+00:00,6,31.0,570.1893381712493,0.0,0.0,570.1893381712493,0.0,0.0,0.0,0.0,0.0,0.0,0.0,0.0,570.1893381712497,0.0,0.0,0.0,570.1893381712497,760.2524508949996,190.0631127237499,0.0,0.0,0.0,0.0,5.701893381712497,0.0,15.110017461538105,210.87502356700048,781.0643617382497,760.2524508949996,0.0,0.0,0.0,0.0,0.0,3029.09502583578,23.0,0.0,0.0,0.0,-1.7053025658242404e-13,0.0
2025-09-25 06:00:00+00:00,6,31.0,579.5127347901592,0.0,0.0,579.5127347901594,0.0,0.0,0.0,0.0,0.0,0.0,0.0,0.0,579.5127347901597,0.0,0.0,0.0,579.5127347901597,772.6836463868796,193.1709115967199,0.0,0.0,0.0,0.0,5.795127347901597,0.0,15.35708747193922,214.3231264165607,793.8358612067198,772.6836463868796,0.0,0.0,0.0,0.0,0.0,3029.09502583578,23.0,0.0,0.0,0.0,-1.9895196601282805e-13,0.0
2025-09-25 07:00:00+00:00,6,31.0,588.0448089543725,0.0,0.0,588.0448089543725,0.0,0.0,0.0,0.0,0.0,0.0,0.0,0.0,588.0448089543727,0.0,0.0,0.0,588.0448089543727,784.0597452724969,196.01493631812423,0.0,0.0,0.0,0.0,5.8804480895437266,0.0,15.583187437290869,217.47857184495882,805.5233807993312,784.0597452724969,0.0,0.0,0.0,0.0,0.0,3029.09502583578,23.0,0.0,0.0,0.0,-5.684341886080802e-14,0.0
2025-09-25 08:00:00+00:00,6,31.0,589.0935719313475,0.0,0.0,589.0935719313476,0.0,0.0,0.0,0.0,0.0,0.0,0.0,0.0,589.0935719313479,0.0,0.0,0.0,589.0935719313479,785.4580959084639,196.36452397711597,0.0,0.0,0.0,0.0,5.89093571931348,0.0,15.61097965618071,217.86643935261017,806.9600112839574,785.4580959084639,0.0,0.0,0.0,0.0,0.0,3029.09502583578,23.0,0.0,0.0,0.0,-1.9895196601282805e-13,0.0
2025-09-25 09:00:00+00:00,6,31.0,586.064822463597,0.0,0.0,586.0648224635969,0.0,0.0,0.0,0.0,0.0,0.0,0.0,0.0,586.0648224635972,0.0,0.0,0.0,586.0648224635972,781.4197632847963,195.35494082119908,0.0,0.0,0.0,0.0,5.860648224635972,0.0,15.530717795285318,216.74630684112037,802.8111293047173,781.4197632847963,0.0,0.0,0.0,0.0,0.0,3029.09502583578,23.0,0.0,0.0,0.0,-1.1368683772161603e-13,0.0
2025-09-25 10:00:00+00:00,6,31.0,589.882534831607,0.0,0.0,589.8825348316069,0.0,0.0,0.0,0.0,0.0,0.0,0.0,0.0,589.8825348316072,0.0,0.0,0.0,589.8825348316072,786.510046442143,196.62751161053575,0.0,0.0,0.0,0.0,5.898825348316072,0.0,15.631887173037583,218.15822413188943,0.0,786.510046442143,0.0,0.0,0.0,0.0,808.0407589634963,2177.345278977191,23.0,0.0,0.0,0.0,-1.7053025658242404e-13,0.0
2025-09-25 11:00:00+00:00,6,31.0,596.9015300254065,0.0,0.0,596.9015300254066,0.0,0.0,0.0,0.0,0.0,0.0,0.0,0.0,596.9015300254069,0.0,0.0,0.0,596.9015300254069,795.8687067005426,198.96717667513565,0.0,0.0,0.0,0.0,5.969015300254069,0.0,15.817890545673274,220.75408252106297,0.0,795.8687067005426,0.0,0.0,0.0,0.0,817.6556125464693,1315.4605865548601,23.0,0.0,0.0,0.0,-1.1368683772161603e-13,0.0
2025-09-25 12:00:00+00:00,6,31.0,590.6705895303462,0.0,0.0,590.6705895303461,0.0,0.0,0.0,0.0,0.0,0.0,0.0,0.0,590.6705895303464,0.0,0.0,0.0,590.6705895303464,787.5607860404618,196.89019651011546,0.0,0.0,0.0,0.0,5.906705895303465,0.0,15.65277062255417,218.4496730279731,0.0,787.5607860404618,0.0,0.0,0.0,0.0,809.1202625583192,462.57294299561136,23.0,0.0,0.0,0.0,-1.4210854715202004e-13,0.0
2025-09-25 13:00:00+00:00,6,31.0,582.8526041395903,0.0,0.0,582.8526041395903,0.0,0.0,0.0,0.0,0.0,0.0,0.0,0.0,582.8526041395907,0.0,0.0,0.0,582.8526041395907,777.1368055194541,194.28420137986353,0.0,0.0,0.0,0.0,5.828526041395906,0.0,15.445594009699139,215.55832143095859,798.4109255705488,777.1368055194541,0.0,0.0,0.0,0.0,0.0,462.57294299561136,23.0,0.0,0.0,0.0,-1.1368683772161603e-13,0.0
2025-09-25 14:00:00+00:00,6,31.0,579.6369780864256,0.0,0.0,579.6369780864256,0.0,0.0,0.0,0.0,0.0,0.0,0.0,0.0,579.636978086426,0.0,0.0,0.0,579.636978086426,772.8493041152346,193.21232602880866,0.0,0.0,0.0,0.0,5.79636978086426,0.0,15.360379919290276,214.3690757289632,1816.52729953805,772.8493041152346,0.0,0.0,0.0,1022.5212457226614,0.0,1432.6217707145056,23.0,0.0,0.0,0.0,-2.2737367544323206e-13,0.0
2025-09-25 15:00:00+00:00,6,31.0,580.4506328796796,0.0,0.0,580.4506328796797,0.0,0.0,0.0,0.0,0.0,0.0,0.0,0.0,580.45063287968,0.0,0.0,0.0,580.45063287968,773.9341771729066,193.48354429322666,0.0,0.0,0.0,0.0,5.8045063287968,0.0,15.381941771311512,214.66999239333498,2477.951195181781,773.9341771729066,0.0,0.0,0.0,1682.8305699087664,0.0,3029.09502583578,23.0,0.0,0.0,0.0,-2.2737367544323206e-13,0.0
2025-09-25 16:00:00+00:00,6,31.0,580.5047003470874,0.0,0.0,580.5047003470874,0.0,0.0,0.0,0.0,0.0,0.0,0.0,0.0,580.5047003470878,0.0,0.0,0.0,580.5047003470878,774.0062671294504,193.5015667823626,0.0,0.0,0.0,0.0,5.805047003470878,0.0,15.383374559197815,214.6899883450313,795.1946886921186,774.0062671294504,0.0,0.0,0.0,0.0,0.0,3029.09502583578,23.0,0.0,0.0,0.0,-8.526512829121202e-14,0.0
2025-09-25 17:00:00+00:00,6,31.0,584.6036438866398,0.0,0.0,584.6036438866398,0.0,0.0,0.0,0.0,0.0,0.0,0.0,0.0,584.6036438866402,0.0,0.0,0.0,584.6036438866402,779.4715251821868,194.8678812955467,0.0,0.0,0.0,0.0,5.846036438866402,0.0,15.491996562995954,216.20591429740907,800.8095581840487,779.4715251821868,0.0,0.0,0.0,0.0,0.0,3029.09502583578,23.0,0.0,0.0,0.0,-1.9895196601282805e-13,0.0
2025-09-25 18:00:00+00:00,6,31.0,597.0969324033201,0.0,0.0,597.09693240332,0.0,0.0,0.0,0.0,0.0,0.0,0.0,0.0,597.0969324033204,0.0,0.0,0.0,597.0969324033204,796.1292432044271,199.03231080110677,0.0,0.0,0.0,0.0,5.970969324033204,0.0,15.82306870868798,220.82634883382795,0.0,796.1292432044271,0.0,0.0,0.0,0.0,817.9232812371479,2166.9281858398294,23.0,0.0,0.0,0.0,-1.9895196601282805e-13,0.0
2025-09-25 19:00:00+00:00,6,31.0,601.2979261905205,0.0,0.0,601.2979261905205,0.0,0.0,0.0,0.0,0.0,0.0,0.0,0.0,601.2979261905208,0.0,0.0,0.0,601.2979261905208,801.7305682540277,200.43264206350693,0.0,0.0,0.0,0.0,6.012979261905208,0.0,15.934395044048792,222.38001636946092,723.9990805781518,801.7305682540277,0.0,0.0,0.0,0.0,99.67886198182944,2061.8574396944473,23.0,0.0,0.0,0.0,-1.1368683772161603e-13,0.0
2025-09-25 20:00:00+00:00,6,31.0,604.3630859303933,0.0,0.0,604.3630859303931,0.0,0.0,0.0,0.0,0.0,0.0,0.0,0.0,604.3630859303935,0.0,0.0,0.0,604.3630859303935,805.8174479071913,201.45436197679783,0.0,0.0,0.0,0.0,6.043630859303935,0.0,16.015621777155417,223.51361461325718,0.0,805.8174479071913,0.0,0.0,0.0,0.0,827.8767005436503,1189.1987745267497,23.0,0.0,0.0,0.0,-1.7053025658242404e-13,0.0
2025-09-25 21:00:00+00:00,6,31.0,590.4940000715986,0.0,0.0,590.4940000715985,0.0,0.0,0.0,0.0,0.0,0.0,0.0,0.0,590.4940000715989,0.0,0.0,0.0,590.4940000715989,787.3253334287984,196.8313333571996,0.0,0.0,0.0,0.0,5.904940000715989,0.0,15.648091001897358,218.38436435981296,0.0,787.3253334287984,0.0,0.0,0.0,0.0,808.8783644314113,336.5661139817533,23.0,0.0,0.0,0.0,-2.5579538487363607e-13,0.0
2025-09-25 22:00:00+00:00,6,31.0,602.0616899190807,0.0,0.0,602.0616899190808,0.0,0.0,0.0,0.0,0.0,0.0,0.0,0.0,602.0616899190811,0.0,0.0,0.0,602.0616899190811,802.7489198921081,200.68722997302703,0.0,0.0,0.0,0.0,6.020616899190811,0.0,15.95463478285564,222.66248165507346,824.7241715741541,802.7489198921081,0.0,0.0,0.0,0.0,0.0,336.5661139817533,23.0,0.0,0.0,0.0,-5.684341886080802e-14,0.0
2025-09-25 23:00:00+00:00,6,31.0,604.0814568865544,0.0,0.0,604.0814568865544,0.0,0.0,0.0,0.0,0.0,0.0,0.0,0.0,604.0814568865547,0.0,0.0,0.0,604.0814568865547,805.4419425154063,201.36048562885156,0.0,0.0,0.0,0.0,6.040814568865548,0.0,16.00815860749369,223.40945880521082,1982.8350215541534,805.4419425154063,0.0,0.0,0.0,1155.3441058623882,0.0,1432.6217707145056,23.0,0.0,0.0,0.0,0.0,0.0
2025-10-25 00:00:00+00:00,7,36.0,505.5159282329157,0.0,0.0,505.51592823291577,0.0,0.0,0.0,0.0,0.0,0.0,0.0,0.0,505.51592823291617,0.0,0.0,0.0,505.51592823291617,674.0212376438882,168.50530941097205,0.0,0.0,0.0,0.0,5.055159282329162,0.0,13.396172098172267,186.95664079147346,1847.8166748867775,674.0212376438882,0.0,0.0,0.0,1155.3441058623882,0.0,1432.6217707145056,23.0,0.0,0.0,0.0,0.0,0.0
2025-10-25 01:00:00+00:00,7,36.0,503.184815411444,0.0,0.0,503.1848154114438,0.0,0.0,0.0,0.0,0.0,0.0,0.0,0.0,503.1848154114441,0.0,0.0,0.0,503.1848154114441,670.9130872152588,167.7282718038147,0.0,0.0,0.0,0.0,5.031848154114441,0.0,13.334397608403263,186.0945175663324,689.2793329777762,670.9130872152588,0.0,0.0,0.0,0.0,0.0,1432.6217707145056,23.0,0.0,0.0,0.0,-1.7053025658242404e-13,0.0
2025-10-25 02:00:00+00:00,7,36.0,507.19360684289,0.0,0.0,507.1936068428902,0.0,0.0,0.0,0.0,0.0,0.0,0.0,0.0,507.1936068428904,0.0,0.0,0.0,507.1936068428904,676.2581424571872,169.0645356142968,0.0,0.0,0.0,0.0,5.071936068428904,0.0,13.44063058133659,187.5771022640623,694.7707091069522,676.2581424571872,0.0,0.0,0.0,0.0,0.0,1432.6217707145056,23.0,0.0,0.0,0.0,-1.4210854715202004e-13,0.0
2025-10-25 03:00:00+00:00,7,36.0,497.8396937172219,0.0,0.0,497.83969371722185,0.0,0.0,0.0,0.0,0.0,0.0,0.0,0.0,497.83969371722213,0.0,0.0,0.0,497.83969371722213,663.7862582896295,165.94656457240737,0.0,0.0,0.0,0.0,4.978396937172222,0.0,13.192751883506377,184.11771339308598,681.9574071103077,663.7862582896295,0.0,0.0,0.0,0.0,0.0,1432.6217707145056,23.0,0.0,0.0,0.0,-1.7053025658242404e-13,0.0
2025-10-25 04:00:00+00:00,7,36.0,498.0352610629395,0.0,0.0,498.0352610629395,0.0,0.0,0.0,0.0,0.0,0.0,0.0,0.0,498.03526106293975,0.0,0.0,0.0,498.0352610629397,664.0470147505862,166.01175368764655,0.0,0.0,0.0,0.0,4.980352610629397,0.0,13.197934418167897,184.19004071644386,2365.0558716881496,664.0470147505862,0.0,0.0,0.0,1682.8305699087664,0.0,3029.09502583578,23.0,0.0,0.0,0.0,-2.2737367544323206e-13,0.0
2025-10-25 05:00:00+00:00,7,36.0,502.7665882371614,0.0,0.0,502.7665882371614,0.0,0.0,0.0,0.0,0.0,0.0,0.0,0.0,502.7665882371618,0.0,0.0,0.0,502.7665882371618,670.3554509828823,167.58886274572058,0.0,0.0,0.0,0.0,5.027665882371618,0.0,13.323314588284777,185.93984321637697,688.7064314535382,670.3554509828823,0.0,0.0,0.0,0.0,0.0,3029.09502583578,23.0,0.0,0.0,0.0,-1.1368683772161603e-13,0.0
2025-10-25 06:00:00+00:00,7,36.0,508.8376504984754,0.0,0.0,508.83765049847534,0.0,0.0,0.0,0.0,0.0,0.0,0.0,0.0,508.8376504984756,0.0,0.0,0.0,508.8376504984756,678.4502006646342,169.61255016615854,0.0,0.0,0.0,0.0,5.0883765049847565,0.0,13.484197738209595,188.18512440935288,697.0227749078282,678.4502006646342,0.0,0.0,0.0,0.0,0.0,3029.09502583578,23.0,0.0,0.0,0.0,-8.526512829121202e-14,0.0
2025-10-25 07:00:00+00:00,7,36.0,505.31412171377184,0.0,0.0,505.3141217137718,0.0,0.0,0.0,0.0,0.0,0.0,0.0,0.0,505.3141217137719,0.0,0.0,0.0,505.3141217137719,673.7521622850292,168.4380405712573,0.0,0.0,0.0,0.0,5.0531412171377195,0.0,13.390824225414951,186.88200601380996,692.1961277275818,673.7521622850292,0.0,0.0,0.0,0.0,0.0,3029.09502583578,23.0,0.0,0.0,0.0,2.842170943040401e-14,0.0
2025-10-25 08:00:00+00:00,7,36.0,497.6075400515535,0.0,0.0,497.60754005155354,0.0,0.0,0.0,0.0,0.0,0.0,0.0,0.0,497.60754005155394,0.0,0.0,0.0,497.60754005155394,663.4767200687386,165.86918001718465,0.0,0.0,0.0,0.0,4.97607540051554,0.0,13.18659981136617,184.03185522906634,681.6393952806197,663.4767200687386,0.0,0.0,0.0,0.0,0.0,3029.09502583578,23.0,0.0,0.0,0.0,-8.526512829121202e-14,0.0
2025-10-25 09:00:00+00:00,7,36.0,502.3093005652719,0.0,0.0,502.3093005652719,0.0,0.0,0.0,0.0,0.0,0.0,0.0,0.0,502.3093005652721,0.0,0.0,0.0,502.3093005652721,669.7457340870294,167.43643352175735,0.0,0.0,0.0,0.0,5.023093005652721,0.0,13.311196464979705,185.77072299238978,688.0800235576615,669.7457340870294,0.0,0.0,0.0,0.0,0.0,3029.09502583578,23.0,0.0,0.0,0.0,-1.1368683772161603e-13,0.0
2025-10-25 10:00:00+00:00,7,36.0,505.7268562955514,0.0,0.0,505.72685629555133,0.0,0.0,0.0,0.0,0.0,0.0,0.0,0.0,505.72685629555167,0.0,0.0,0.0,505.72685629555167,674.3024750607356,168.5756187651839,0.0,0.0,0.0,0.0,5.0572685629555165,0.0,13.401761691832112,187.03464901997154,0.0,674.3024750607356,0.0,0.0,0.0,0.0,692.7615053155228,2298.8602818078143,23.0,0.0,0.0,0.0,-1.7053025658242404e-13,0.0
2025-10-25 11:00:00+00:00,7,36.0,502.5792560601656,0.0,0.0,502.5792560601657,0.0,0.0,0.0,0.0,0.0,0.0,0.0,0.0,502.579256060166,0.0,0.0,0.0,502.579256060166,670.105674746888,167.526418686722,0.0,0.0,0.0,0.0,5.02579256060166,0.0,13.31835028559439,185.87056153291806,0.0,670.105674746888,0.0,0.0,0.0,0.0,688.4498175930836,1573.1704557006128,23.0,0.0,0.0,0.0,-8.526512829121202e-14,0.0
2025-10-25 12:00:00+00:00,7,36.0,480.87766495671076,0.0,0.0,480.877664956711,0.0,0.0,0.0,0.0,0.0,0.0,0.0,0.0,480.8776649567113,0.0,0.0,0.0,480.8776649567113,641.1702199422817,160.29255498557043,0.0,0.0,0.0,0.0,4.808776649567114,0.0,12.743258121352842,177.8445897564904,0.0,641.1702199422817,0.0,0.0,0.0,0.0,658.722254713201,878.8162322555127,23.0,0.0,0.0,0.0,-1.7053025658242404e-13,0.0
2025-10-25 13:00:00+00:00,7,36.0,484.0321301325839,0.0,0.0,484.03213013258386,0.0,0.0,0.0,0.0,0.0,0.0,0.0,0.0,484.0321301325842,0.0,0.0,0.0,484.0321301325842,645.3761735101123,161.34404337752807,0.0,0.0,0.0,0.0,4.840321301325842,0.0,12.826851448513471,179.0112161273674,1246.8056403754158,645.3761735101123,0.0,0.0,0.0,583.7622941154646,0.0,1432.6217707145056,23.0,0.0,0.0,0.0,0.0,0.0
2025-10-25 14:00:00+00:00,7,36.0,486.4100176001526,0.0,0.0,486.4100176001526,0.0,0.0,0.0,0.0,0.0,0.0,0.0,0.0,486.41001760015286,0.0,0.0,0.0,486.41001760015286,648.5466901335371,162.13667253338429,0.0,0.0,0.0,0.0,4.8641001760015286,0.0,12.889865466404045,179.89063817578986,666.3006557759423,648.5466901335371,0.0,0.0,0.0,0.0,0.0,1432.6217707145056,23.0,0.0,0.0,0.0,-1.4210854715202004e-13,0.0
2025-10-25 15:00:00+00:00,7,36.0,486.6030183071486,0.0,0.0,486.6030183071488,0.0,0.0,0.0,0.0,0.0,0.0,0.0,0.0,486.603018307149,0.0,0.0,0.0,486.60301830714906,648.8040244095321,162.20100610238302,0.0,0.0,0.0,0.0,4.866030183071491,0.0,12.894979985139441,179.96201627059395,2349.395604486509,648.8040244095321,0.0,0.0,0.0,1682.8305699087664,0.0,3029.09502583578,23.0,0.0,0.0,0.0,0.0,0.0
2025-10-25 16:00:00+00:00,7,36.0,494.62819995789204,0.0,0.0,494.62819995789215,0.0,0.0,0.0,0.0,0.0,0.0,0.0,0.0,494.6281999578923,0.0,0.0,0.0,494.6281999578923,659.504266610523,164.87606665263075,0.0,0.0,0.0,0.0,4.946281999578924,0.0,13.10764729888414,182.92999595109382,677.5581959089857,659.504266610523,0.0,0.0,0.0,0.0,0.0,3029.09502583578,23.0,0.0,0.0,0.0,-1.7053025658242404e-13,0.0
2025-10-25 17:00:00+00:00,7,36.0,493.68260909718543,0.0,0.0,493.6826090971854,0.0,0.0,0.0,0.0,0.0,0.0,0.0,0.0,493.6826090971856,0.0,0.0,0.0,493.68260909718566,658.2434787962475,164.56086969906187,0.0,0.0,0.0,0.0,4.936826090971857,0.0,13.082589141075411,182.58028493110913,0.0,658.2434787962475,0.0,0.0,0.0,0.0,676.2628940282945,2316.251345106949,23.0,0.0,0.0,0.0,-1.1368683772161603e-13,0.0
2025-10-25 18:00:00+00:00,7,36.0,488.6705721818662,0.0,0.0,488.67057218186613,0.0,0.0,0.0,0.0,0.0,0.0,0.0,0.0,488.6705721818663,0.0,0.0,0.0,488.6705721818663,651.5607629091551,162.89019072728877,0.0,0.0,0.0,0.0,4.886705721818664,0.0,12.949770162819453,180.72666661192687,669.397238793793,651.5607629091551,0.0,0.0,0.0,0.0,0.0,2316.251345106949,23.0,0.0,0.0,0.0,-5.684341886080802e-14,0.0
2025-10-25 19:00:00+00:00,7,36.0,495.75185928226097,0.0,0.0,495.7518592822609,0.0,0.0,0.0,0.0,0.0,0.0,0.0,0.0,495.7518592822612,0.0,0.0,0.0,495.75185928226125,661.002479043015,165.25061976075375,0.0,0.0,0.0,0.0,4.957518592822613,0.0,13.137424270979913,183.3455626245563,0.0,661.002479043015,0.0,0.0,0.0,0.0,679.0974219068172,1600.4198096489927,23.0,0.0,0.0,0.0,-5.684341886080802e-14,0.0
2025-10-25 20:00:00+00:00,7,36.0,499.70999800703163,0.0,0.0,499.70999800703163,0.0,0.0,0.0,0.0,0.0,0.0,0.0,0.0,499.7099980070318,0.0,0.0,0.0,499.7099980070318,666.2799973427091,166.56999933567727,0.0,0.0,0.0,0.0,4.997099980070318,0.0,13.242314947186339,184.80941426293393,0.0,666.2799973427091,0.0,0.0,0.0,0.0,684.5194122699655,878.8729945246923,23.0,0.0,0.0,0.0,-2.842170943040401e-14,0.0
2025-10-25 21:00:00+00:00,7,36.0,507.84691808976305,0.0,0.0,507.84691808976305,0.0,0.0,0.0,0.0,0.0,0.0,0.0,0.0,507.84691808976345,0.0,0.0,0.0,507.84691808976345,677.1292241196845,169.28230602992113,0.0,0.0,0.0,0.0,5.078469180897635,0.0,13.457943329378722,187.8187185401975,181.18815664099895,677.1292241196845,0.0,0.0,0.0,0.0,514.4774799889615,336.5661139817533,23.0,0.0,0.0,0.0,-1.1368683772161603e-13,0.0
2025-10-25 22:00:00+00:00,7,36.0,543.8502164142526,0.0,0.0,543.8502164142529,0.0,0.0,0.0,0.0,0.0,0.0,0.0,0.0,543.8502164142533,0.0,0.0,0.0,543.8502164142533,725.133621885671,181.28340547141775,0.0,0.0,0.0,0.0,5.438502164142533,0.0,14.412030734977703,201.13393837053798,744.9841547847905,725.133621885671,0.0,0.0,0.0,0.0,0.0,336.5661139817533,23.0,0.0,0.0,0.0,-1.1368683772161603e-13,0.0
2025-10-25 23:00:00+00:00,7,36.0,533.0982840743934,0.0,0.0,533.0982840743933,0.0,0.0,0.0,0.0,0.0,0.0,0.0,0.0,533.0982840743935,0.0,0.0,0.0,533.0982840743935,710.7977120991914,177.69942802479784,0.0,0.0,0.0,0.0,5.3309828407439355,0.0,14.127104527971419,197.1575153935132,730.2557994679064,710.7977120991914,0.0,0.0,0.0,0.0,0.0,336.5661139817533,23.0,0.0,0.0,0.0,-1.9895196601282805e-13,0.0
2025-12-05 00:00:00+00:00,8,47.0,663.5398129241075,0.0,0.0,663.5398129241075,0.0,0.0,0.0,0.0,0.0,0.0,0.0,0.0,663.5398129241079,0.0,0.0,0.0,663.5398129241079,884.7197505654772,221.1799376413693,0.0,0.0,0.0,0.0,6.635398129241079,0.0,17.583805042488848,245.39914081309922,908.9389537372066,884.7197505654772,0.0,0.0,0.0,0.0,0.0,1933.0393691030274,23.0,0.0,0.0,0.0,-1.7053025658242404e-13,0.0
2025-12-05 01:00:00+00:00,8,47.0,651.9121655313238,0.0,0.0,651.9121655313237,0.0,0.0,0.0,0.0,0.0,0.0,0.0,0.0,651.912165531324,0.0,0.0,0.0,651.9121655313241,869.2162207084322,217.30405517710804,0.0,0.0,0.0,0.0,6.519121655313242,0.0,17.27567238658008,241.09884921900135,893.011014750325,869.2162207084322,0.0,0.0,0.0,0.0,0.0,1933.0393691030274,23.0,0.0,0.0,0.0,-1.7053025658242404e-13,0.0
2025-12-05 02:00:00+00:00,8,47.0,654.8332120062842,0.0,0.0,654.833212006284,0.0,0.0,0.0,0.0,0.0,0.0,0.0,0.0,654.8332120062844,0.0,0.0,0.0,654.8332120062844,873.1109493417125,218.27773733542813,0.0,0.0,0.0,0.0,6.548332120062844,0.0,17.353080118166528,242.1791495736575,897.0123615799415,873.1109493417125,0.0,0.0,0.0,0.0,0.0,1933.0393691030274,23.0,0.0,0.0,0.0,-1.4210854715202004e-13,0.0
2025-12-05 03:00:00+00:00,8,47.0,648.9742338409956,0.0,0.0,648.9742338409956,0.0,0.0,0.0,0.0,0.0,0.0,0.0,0.0,648.974233840996,0.0,0.0,0.0,648.974233840996,865.2989784546613,216.32474461366533,0.0,0.0,0.0,0.0,6.48974233840996,0.0,17.197817196786385,240.0123041488617,888.9865379898571,865.2989784546613,0.0,0.0,0.0,0.0,0.0,1933.0393691030274,23.0,0.0,0.0,0.0,-1.7053025658242404e-13,0.0
2025-12-05 04:00:00+00:00,8,47.0,649.7183145953394,0.0,0.0,649.7183145953395,0.0,0.0,0.0,0.0,0.0,0.0,0.0,0.0,649.7183145953396,0.0,0.0,0.0,649.7183145953397,866.2910861271196,216.5727715317799,0.0,0.0,0.0,0.0,6.4971831459533975,0.0,17.217535336776493,240.28749001450979,890.0058046098491,866.2910861271196,0.0,0.0,0.0,0.0,0.0,1933.0393691030274,23.0,0.0,0.0,0.0,-1.1368683772161603e-13,0.0
2025-12-05 05:00:00+00:00,8,47.0,643.4674553410214,0.0,0.0,643.4674553410214,0.0,0.0,0.0,0.0,0.0,0.0,0.0,0.0,643.4674553410217,0.0,0.0,0.0,643.4674553410217,857.9566071213623,214.48915178034056,0.0,0.0,0.0,0.0,6.434674553410217,0.0,17.05188756653706,237.97571390028784,881.4431692413091,857.9566071213623,0.0,0.0,0.0,0.0,0.0,1933.0393691030274,23.0,0.0,0.0,0.0,-1.4210854715202004e-13,0.0
2025-12-05 06:00:00+00:00,8,47.0,647.292226683225,0.0,0.0,647.292226683225,0.0,0.0,0.0,0.0,0.0,0.0,0.0,0.0,647.2922266832254,0.0,0.0,0.0,647.2922266832254,863.0563022443005,215.76407556107512,0.0,0.0,0.0,0.0,6.472922266832255,0.0,17.15324400710546,239.39024183501283,2042.0265743806258,863.0563022443005,0.0,0.0,0.0,1155.3441058623882,0.0,3029.09502583578,23.0,0.0,0.0,0.0,-2.2737367544323206e-13,0.0
2025-12-05 07:00:00+00:00,8,47.0,655.8120234646519,0.0,0.0,655.8120234646519,0.0,0.0,0.0,0.0,0.0,0.0,0.0,0.0,655.8120234646523,0.0,0.0,0.0,655.8120234646523,874.416031286203,218.60400782155074,0.0,0.0,0.0,0.0,6.558120234646523,0.0,17.379018621813277,242.54114667801056,898.3531701426624,874.416031286203,0.0,0.0,0.0,0.0,0.0,3029.09502583578,23.0,0.0,0.0,0.0,-8.526512829121202e-14,0.0
2025-12-05 08:00:00+00:00,8,47.0,658.9379544870618,0.0,0.0,658.9379544870618,0.0,0.0,0.0,0.0,0.0,0.0,0.0,0.0,658.9379544870621,0.0,0.0,0.0,658.9379544870621,878.5839393160828,219.6459848290207,0.0,0.0,0.0,0.0,6.589379544870622,0.0,17.461855793907134,243.69722016779843,902.6351746548602,878.5839393160828,0.0,0.0,0.0,0.0,0.0,3029.09502583578,23.0,0.0,0.0,0.0,-5.684341886080802e-14,0.0
2025-12-05 09:00:00+00:00,8,47.0,650.1259113719993,0.0,0.0,650.1259113719992,0.0,0.0,0.0,0.0,0.0,0.0,0.0,0.0,650.1259113719996,0.0,0.0,0.0,650.1259113719996,866.8345484959993,216.70863712399984,0.0,0.0,0.0,0.0,6.501259113719996,0.0,17.228336651357974,240.4382328890778,890.564144261077,866.8345484959993,0.0,0.0,0.0,0.0,0.0,3029.09502583578,23.0,0.0,0.0,0.0,-1.4210854715202004e-13,0.0
2025-12-05 10:00:00+00:00,8,47.0,650.8745462308826,0.0,0.0,650.8745462308827,0.0,0.0,0.0,0.0,0.0,0.0,0.0,0.0,650.874546230883,0.0,0.0,0.0,650.8745462308831,867.832728307844,216.958182076961,0.0,0.0,0.0,0.0,6.5087454623088306,0.0,17.24817547511839,240.71510301438823,0.0,867.832728307844,0.0,0.0,0.0,0.0,891.5896492452707,2089.2770158872195,23.0,0.0,0.0,0.0,-1.4210854715202004e-13,0.0
2025-12-05 11:00:00+00:00,8,47.0,638.261152214895,0.0,0.0,638.2611522148949,0.0,0.0,0.0,0.0,0.0,0.0,0.0,0.0,638.2611522148953,0.0,0.0,0.0,638.2611522148953,851.0148696198604,212.7537174049651,0.0,0.0,0.0,0.0,6.382611522148953,0.0,16.913920533694714,236.05024946080877,0.0,851.0148696198604,0.0,0.0,0.0,0.0,874.3114016757037,1167.6718780373594,23.0,0.0,0.0,0.0,-8.526512829121202e-14,0.0
2025-12-05 12:00:00+00:00,8,47.0,663.8283949982359,0.0,0.0,663.8283949982358,0.0,0.0,0.0,0.0,0.0,0.0,0.0,0.0,663.8283949982359,0.0,0.0,0.0,663.8283949982359,885.1045266643146,221.27613166607864,0.0,0.0,0.0,0.0,6.638283949982359,0.0,17.591452467453248,245.50586808351426,120.87810580868552,885.1045266643146,0.0,0.0,0.0,0.0,788.4561572730646,336.5661139817533,23.0,0.0,0.0,0.0,-5.684341886080802e-14,0.0
2025-12-05 13:00:00+00:00,8,47.0,667.277368825887,0.0,0.0,667.2773688258867,0.0,0.0,0.0,0.0,0.0,0.0,0.0,0.0,667.2773688258869,0.0,0.0,0.0,667.2773688258869,889.7031584345159,222.42578960862897,0.0,0.0,0.0,0.0,6.67277368825887,0.0,17.682850273885997,246.78141357077385,914.0587823966607,889.7031584345159,0.0,0.0,0.0,0.0,0.0,336.5661139817533,23.0,0.0,0.0,0.0,-1.7053025658242404e-13,0.0
2025-12-05 14:00:00+00:00,8,47.0,656.2361159331532,0.0,0.0,656.2361159331534,0.0,0.0,0.0,0.0,0.0,0.0,0.0,0.0,656.2361159331537,0.0,0.0,0.0,656.2361159331537,874.9814879108715,218.74537197771787,0.0,0.0,0.0,0.0,6.5623611593315365,0.0,17.39025707222856,242.69799020927798,2054.278212004819,874.9814879108715,0.0,0.0,0.0,1155.3441058623882,0.0,1432.6217707145056,23.0,0.0,0.0,0.0,-2.2737367544323206e-13,0.0
2025-12-05 15:00:00+00:00,8,47.0,649.1401459438043,0.0,0.0,649.1401459438044,0.0,0.0,0.0,0.0,0.0,0.0,0.0,0.0,649.1401459438048,0.0,0.0,0.0,649.1401459438048,865.5201945917397,216.38004864793493,0.0,0.0,0.0,0.0,6.491401459438048,0.0,17.202213867510817,240.07366397488377,2572.0443798274546,865.5201945917397,0.0,0.0,0.0,1682.8305699087664,0.0,3029.09502583578,23.0,0.0,0.0,0.0,0.0,0.0
2025-12-05 16:00:00+00:00,8,47.0,658.3620909479483,0.0,0.0,658.3620909479482,0.0,0.0,0.0,0.0,0.0,0.0,0.0,0.0,658.3620909479486,0.0,0.0,0.0,658.3620909479486,877.8161212639313,219.45403031598283,0.0,0.0,0.0,0.0,6.583620909479485,0.0,17.446595410120626,243.48424663558296,901.8463375835311,877.8161212639313,0.0,0.0,0.0,0.0,0.0,3029.09502583578,23.0,0.0,0.0,0.0,-2.2737367544323206e-13,0.0
2025-12-05 17:00:00+00:00,8,47.0,652.7164235928576,0.0,0.0,652.7164235928577,0.0,0.0,0.0,0.0,0.0,0.0,0.0,0.0,652.7164235928581,0.0,0.0,0.0,652.7164235928581,870.2885647904774,217.57214119761935,0.0,0.0,0.0,0.0,6.527164235928581,0.0,17.296985225210726,241.39629065875866,894.1127142516161,870.2885647904774,0.0,0.0,0.0,0.0,0.0,3029.09502583578,23.0,0.0,0.0,0.0,-1.4210854715202004e-13,0.0
2025-12-05 18:00:00+00:00,8,47.0,640.5893790660042,0.0,0.0,640.5893790660043,0.0,0.0,0.0,0.0,0.0,0.0,0.0,0.0,640.5893790660047,0.0,0.0,0.0,640.5893790660047,854.1191720880062,213.52979302200154,0.0,0.0,0.0,0.0,6.405893790660047,0.0,16.975618545249116,236.91130535791072,0.0,854.1191720880062,0.0,0.0,0.0,0.0,877.5006844239149,2104.1280887903768,23.0,0.0,0.0,0.0,-2.842170943040401e-14,0.0
2025-12-05 19:00:00+00:00,8,47.0,644.5417298599413,0.0,0.0,644.5417298599411,0.0,0.0,0.0,0.0,0.0,0.0,0.0,0.0,644.5417298599414,0.0,0.0,0.0,644.5417298599414,859.3889731465885,214.8472432866471,0.0,0.0,0.0,0.0,6.445417298599414,0.0,17.080355841288444,238.37301642653497,126.48406750816275,859.3889731465885,0.0,0.0,0.0,0.0,756.4306787783134,1306.780143134822,23.0,0.0,0.0,0.0,-2.842170943040401e-14,0.0
2025-12-05 20:00:00+00:00,8,47.0,671.925425228235,0.0,0.0,671.9254252282349,0.0,0.0,0.0,0.0,0.0,0.0,0.0,0.0,671.9254252282353,0.0,0.0,0.0,671.9254252282353,895.9005669709804,223.9751417427451,0.0,0.0,0.0,0.0,6.7192542522823535,0.0,17.806023768548222,248.50041976357568,0.0,895.9005669709804,0.0,0.0,0.0,0.0,920.4258449918105,336.5661139817533,23.0,0.0,0.0,0.0,-1.1368683772161603e-13,0.0
2025-12-05 21:00:00+00:00,8,47.0,669.633511988809,0.0,0.0,669.6335119888089,0.0,0.0,0.0,0.0,0.0,0.0,0.0,0.0,669.6335119888091,0.0,0.0,0.0,669.6335119888091,892.8446826517454,223.21117066293635,0.0,0.0,0.0,0.0,6.696335119888091,0.0,17.745288067703438,247.65279385052787,917.2863058393369,892.8446826517454,0.0,0.0,0.0,0.0,0.0,336.5661139817533,23.0,0.0,0.0,0.0,5.684341886080802e-14,0.0
2025-12-05 22:00:00+00:00,8,47.0,657.7285885322821,0.0,0.0,657.7285885322821,0.0,0.0,0.0,0.0,0.0,0.0,0.0,0.0,657.7285885322825,0.0,0.0,0.0,657.7285885322825,876.9714513763766,219.24286284409416,0.0,0.0,0.0,0.0,6.5772858853228255,0.0,17.429807596105476,243.24995632552248,900.9785448578043,876.9714513763766,0.0,0.0,0.0,0.0,0.0,336.5661139817533,23.0,0.0,0.0,0.0,-2.2737367544323206e-13,0.0
2025-12-05 23:00:00+00:00,8,47.0,626.1968552056563,0.0,0.0,626.1968552056564,0.0,0.0,0.0,0.0,0.0,0.0,0.0,0.0,626.1968552056569,0.0,0.0,0.0,626.1968552056569,834.9291402742092,208.7322850685523,0.0,0.0,0.0,0.0,6.261968552056569,0.0,16.594216662949897,231.58847028355876,2540.615895397981,834.9291402742092,0.0,0.0,0.0,1682.8305699087664,0.0,1933.0393691030274,23.0,0.0,0.0,0.0,-4.547473508864641e-13,0.0
