solution_id,rack_id,rack_label,room_id,row,col,plot_row,plot_col,ac_unit,config_id,config_name,rho_load,alpha_age,epsilon_age,hotspot_risk
3135,room01_rack_it_000,0,room01,2,21,2,21,room01_cdz5,4,cold_plate_cdu_wshp,0.10788511842472509,0.10051269763133117,0.10051269763133117,0.0115755627009646
3135,room01_rack_it_001,1,room01,2,20,2,20,room01_cdz5,4,cold_plate_cdu_wshp,0.1496750510993891,0.10051269763133117,0.10051269763133117,0.2179614296749559
3135,room01_rack_it_002,2,room01,2,19,2,19,room01_cdz5,4,cold_plate_cdu_wshp,0.08142094274563436,0.10051269763133117,0.10051269763133117,0.2365532648320021
3135,room01_rack_it_003,3,room01,2,18,2,18,room01_cdz5,4,cold_plate_cdu_wshp,0.19339175790543944,0.10051269763133117,0.10051269763133117,0.3016426149736237
3135,room01_rack_it_004,4,room01,2,17,2,17,room01_cdz5,4,cold_plate_cdu_wshp,0.07122240672719389,0.10051269763133117,0.10051269763133117,0.3523937721604044
3135,room01_rack_it_005,5,room01,2,16,2,16,room01_cdz5,4,cold_plate_cdu_wshp,0.21263353920179157,0.10051269763133117,0.10051269763133117,0.3857644304581489
3135,room01_rack_it_006,6,room01,2,15,2,15,room01_cdz5,4,cold_plate_cdu_wshp,0.2252401403555016,0.10051269763133117,0.10051269763133117,0.3719511069872022
3135,room01_rack_it_007,7,room01,2,14,2,14,room01_cdz5,4,cold_plate_cdu_wshp,0.23513605576887336,0.10051269763133117,0.10051269763133117,0.3809206887283984
3135,room01_rack_it_008,8,room01,2,13,2,13,room01_cdz5,4,cold_plate_cdu_wshp,0.07940419826416889,0.10051269763133117,0.10051269763133117,0.3765775232764533
3135,room01_rack_it_009,9,room01,2,12,2,12,room01_cdz5,4,cold_plate_cdu_wshp,0.13782314023149037,0.10051269763133117,0.10051269763133117,0.4990344193272917
3135,room01_rack_it_010,10,room01,2,11,2,11,room01_cdz5,4,cold_plate_cdu_wshp,0.17394376660197022,0.10051269763133117,0.10051269763133117,0.6930309378556903
3135,room01_rack_it_011,11,room01,2,10,2,10,room01_cdz5,4,cold_plate_cdu_wshp,0.2402975162706278,0.10051269763133117,0.10051269763133117,0.5559571765081216
3135,room01_rack_it_012,12,room01,2,9,2,9,room01_cdz5,4,cold_plate_cdu_wshp,0.17492588056655817,0.10051269763133117,0.10051269763133117,0.5362069537954202
3135,room01_rack_it_013,13,room01,2,8,2,8,room01_cdz5,4,cold_plate_cdu_wshp,0.09321110278191552,0.10051269763133117,0.10051269763133117,0.5085421030093904
3135,room01_rack_it_014,14,room01,2,7,2,7,room01_cdz5,4,cold_plate_cdu_wshp,0.09883751994075692,0.10051269763133117,0.10051269763133117,0.4531478019804122
3135,room01_rack_it_015,15,room01,2,6,2,6,room01_cdz5,4,cold_plate_cdu_wshp,0.24184904190526973,0.10051269763133117,0.10051269763133117,0.5590628935532207
3135,room01_rack_it_016,16,room01,2,5,2,5,room01_cdz5,4,cold_plate_cdu_wshp,0.061513447237102704,0.10051269763133117,0.10051269763133117,0.5880255761481263
3135,room01_rack_it_017,17,room01,2,4,2,4,room01_cdz6,1,new_ac,0.22686187711339822,0.16544470288113308,0.16544470288113308,0.7906606617874306
3135,room01_rack_it_018,18,room01,6,20,6,20,room01_cdz1,3,new_ac_high_efficiency,0.14106576785637504,0.24398784644278437,0.24398784644278437,0.2450543085088081
3135,room01_rack_it_019,19,room01,6,19,6,19,room01_cdz1,3,new_ac_high_efficiency,0.08994499619169959,0.24398784644278437,0.24398784644278437,0.2810534486215867
3135,room01_rack_it_020,20,room01,6,18,6,18,room01_cdz1,3,new_ac_high_efficiency,0.22751813276464705,0.24398784644278437,0.24398784644278437,0.2898612400925087
3135,room01_rack_it_021,21,room01,6,17,6,17,room01_cdz1,3,new_ac_high_efficiency,0.17747765640110746,0.24398784644278437,0.24398784644278437,0.2221996510712005
3135,room01_rack_it_022,22,room01,6,16,6,16,room01_cdz1,3,new_ac_high_efficiency,0.09980531823131569,0.24398784644278437,0.24398784644278437,0.2365022420862125
3135,room01_rack_it_023,23,room01,6,15,6,15,room01_cdz1,3,new_ac_high_efficiency,0.12886342561387815,0.24398784644278437,0.24398784644278437,0.3565982168125001
3135,room01_rack_it_024,24,room01,6,14,6,14,room01_cdz1,3,new_ac_high_efficiency,0.21691842559509028,0.24398784644278437,0.24398784644278437,0.3895677234061031
3135,room01_rack_it_025,25,room01,6,12,6,12,room01_cdz2,4,cold_plate_cdu_wshp,0.1468455695406099,0.20821295979676024,0.20821295979676024,0.4485240300183728
3135,room01_rack_it_026,26,room01,6,11,6,11,room01_cdz2,4,cold_plate_cdu_wshp,0.2207306782746919,0.20821295979676024,0.20821295979676024,0.4847064346184782
3135,room01_rack_it_027,27,room01,6,10,6,10,room01_cdz2,4,cold_plate_cdu_wshp,0.08644608866881809,0.20821295979676024,0.20821295979676024,0.4680341227527849
3135,room01_rack_it_028,28,room01,6,9,6,9,room01_cdz2,4,cold_plate_cdu_wshp,0.13481706920578418,0.20821295979676024,0.20821295979676024,0.3953218832822555
3135,room01_rack_it_029,29,room01,6,7,6,7,room01_cdz3,3,new_ac_high_efficiency,0.0742422612160994,0.24108770687715564,0.24108770687715564,0.3817397314631037
3135,room01_rack_it_030,30,room01,6,6,6,6,room01_cdz3,3,new_ac_high_efficiency,0.1728921405687625,0.24108770687715564,0.24108770687715564,0.4185549507016776
3135,room01_rack_it_031,31,room01,6,5,6,5,room01_cdz3,3,new_ac_high_efficiency,0.14419300910857147,0.24108770687715564,0.24108770687715564,0.436148164161136
3135,room01_rack_it_032,32,room01,6,4,6,4,room01_cdz4,5,rdhx_wshp,0.0607471744403445,0.19640484357262555,0.19640484357262555,0.2647939343541334
3135,room01_rack_it_033,33,room01,10,20,10,20,room01_cdz1,3,new_ac_high_efficiency,0.17764190592468826,0.24398784644278437,0.24398784644278437,0.2732277592632678
3135,room01_rack_it_034,34,room01,10,19,10,19,room01_cdz1,3,new_ac_high_efficiency,0.12051865281660444,0.24398784644278437,0.24398784644278437,0.314627970051962
3135,room01_rack_it_035,35,room01,10,18,10,18,room01_cdz1,3,new_ac_high_efficiency,0.1921736617227746,0.24398784644278437,0.24398784644278437,0.3345744887835931
3135,room01_rack_it_036,36,room01,10,17,10,17,room01_cdz1,3,new_ac_high_efficiency,0.21302857140661752,0.24398784644278437,0.24398784644278437,0.3055446481639771
3135,room01_rack_it_037,37,room01,10,16,10,16,room01_cdz1,3,new_ac_high_efficiency,0.16003357330011275,0.24398784644278437,0.24398784644278437,0.2832597476682479
3135,room01_rack_it_038,38,room01,10,15,10,15,room01_cdz1,3,new_ac_high_efficiency,0.13971234226531692,0.24398784644278437,0.24398784644278437,0.2665072970729072
3135,room01_rack_it_039,39,room01,10,14,10,14,room01_cdz1,3,new_ac_high_efficiency,0.23367715526038763,0.24398784644278437,0.24398784644278437,0.2848973885888984
3135,room01_rack_it_040,40,room01,10,13,10,13,room01_cdz2,4,cold_plate_cdu_wshp,0.23663712852868585,0.20821295979676024,0.20821295979676024,0.2964821426334723
3135,room01_rack_it_041,41,room01,10,12,10,12,room01_cdz2,4,cold_plate_cdu_wshp,0.2415562823769663,0.20821295979676024,0.20821295979676024,0.3259756548376771
3135,room01_rack_it_042,42,room01,10,11,10,11,room01_cdz2,4,cold_plate_cdu_wshp,0.1742298346108289,0.20821295979676024,0.20821295979676024,0.4391080833451882
3135,room01_rack_it_043,43,room01,10,10,10,10,room01_cdz2,4,cold_plate_cdu_wshp,0.07471595034168313,0.20821295979676024,0.20821295979676024,0.3553729153152285
3135,room01_rack_it_044,44,room01,10,9,10,9,room01_cdz2,4,cold_plate_cdu_wshp,0.059198034321512875,0.20821295979676024,0.20821295979676024,0.4145147985459335
3135,room01_rack_it_045,45,room01,10,7,10,7,room01_cdz4,5,rdhx_wshp,0.16339182910465644,0.19640484357262555,0.19640484357262555,0.4208642633190416
3135,room01_rack_it_046,46,room01,10,6,10,6,room01_cdz4,5,rdhx_wshp,0.2157233399044448,0.19640484357262555,0.19640484357262555,0.3847204124058177
3135,room01_rack_it_047,47,room01,10,5,10,5,room01_cdz4,5,rdhx_wshp,0.06504537731071505,0.19640484357262555,0.19640484357262555,0.4243147535558319
3135,room01_rack_it_048,48,room01,10,4,10,4,room01_cdz4,5,rdhx_wshp,0.13296099758811042,0.19640484357262555,0.19640484357262555,0.739942429161037
3135,room02_rack_it_000,0,room02,2,21,2,21,room02_cdz5,5,rdhx_wshp,0.15404667809679834,0.14049514159610094,0.14049514159610094,0.0115755627009646
3135,room02_rack_it_001,1,room02,2,20,2,20,room02_cdz5,5,rdhx_wshp,0.09951904314616936,0.14049514159610094,0.14049514159610094,0.2179614296749559
3135,room02_rack_it_002,2,room02,2,19,2,19,room02_cdz5,5,rdhx_wshp,0.07972225994758118,0.14049514159610094,0.14049514159610094,0.2365532648320021
3135,room02_rack_it_003,3,room02,2,18,2,18,room02_cdz5,5,rdhx_wshp,0.17541652020378884,0.14049514159610094,0.14049514159610094,0.3016426149736237
3135,room02_rack_it_004,4,room02,2,17,2,17,room02_cdz5,5,rdhx_wshp,0.19163734258368081,0.14049514159610094,0.14049514159610094,0.3523937721604044
3135,room02_rack_it_005,5,room02,2,16,2,16,room02_cdz5,5,rdhx_wshp,0.10506847701233298,0.14049514159610094,0.14049514159610094,0.3857644304581489
3135,room02_rack_it_006,6,room02,2,15,2,15,room02_cdz5,5,rdhx_wshp,0.08081400022483082,0.14049514159610094,0.14049514159610094,0.3719511069872022
3135,room02_rack_it_007,7,room02,2,14,2,14,room02_cdz5,5,rdhx_wshp,0.16933344411054135,0.14049514159610094,0.14049514159610094,0.3809206887283984
3135,room02_rack_it_008,8,room02,2,13,2,13,room02_cdz5,5,rdhx_wshp,0.18265468711234722,0.14049514159610094,0.14049514159610094,0.3765775232764533
3135,room02_rack_it_009,9,room02,2,12,2,12,room02_cdz5,5,rdhx_wshp,0.06905566640200998,0.14049514159610094,0.14049514159610094,0.4990344193272917
3135,room02_rack_it_010,10,room02,2,11,2,11,room02_cdz5,5,rdhx_wshp,0.22434712755306968,0.14049514159610094,0.14049514159610094,0.6930309378556903
3135,room02_rack_it_011,11,room02,2,10,2,10,room02_cdz5,5,rdhx_wshp,0.08655840057721423,0.14049514159610094,0.14049514159610094,0.5559571765081216
3135,room02_rack_it_012,12,room02,2,9,2,9,room02_cdz5,5,rdhx_wshp,0.24063590821516206,0.14049514159610094,0.14049514159610094,0.5362069537954202
3135,room02_rack_it_013,13,room02,2,8,2,8,room02_cdz5,5,rdhx_wshp,0.18148694388591913,0.14049514159610094,0.14049514159610094,0.5085421030093904
3135,room02_rack_it_014,14,room02,2,7,2,7,room02_cdz5,5,rdhx_wshp,0.07552882652806275,0.14049514159610094,0.14049514159610094,0.4531478019804122
3135,room02_rack_it_015,15,room02,2,6,2,6,room02_cdz5,5,rdhx_wshp,0.0859616724732111,0.14049514159610094,0.14049514159610094,0.5590628935532207
3135,room02_rack_it_016,16,room02,2,5,2,5,room02_cdz5,5,rdhx_wshp,0.050872974140179175,0.14049514159610094,0.14049514159610094,0.5880255761481263
3135,room02_rack_it_017,17,room02,2,4,2,4,room02_cdz6,5,rdhx_wshp,0.19369641706995727,0.1937899949692563,0.1937899949692563,0.7906606617874306
3135,room02_rack_it_018,18,room02,6,20,6,20,room02_cdz1,6,cold_plate_cdu_wshp_plus_air,0.1807962880201598,0.13196465295637558,0.13196465295637558,0.2450543085088081
3135,room02_rack_it_019,19,room02,6,19,6,19,room02_cdz1,6,cold_plate_cdu_wshp_plus_air,0.21814780254683253,0.13196465295637558,0.13196465295637558,0.2810534486215867
3135,room02_rack_it_020,20,room02,6,18,6,18,room02_cdz1,6,cold_plate_cdu_wshp_plus_air,0.08628710040975876,0.13196465295637558,0.13196465295637558,0.2898612400925087
3135,room02_rack_it_021,21,room02,6,17,6,17,room02_cdz1,6,cold_plate_cdu_wshp_plus_air,0.09792911943534398,0.13196465295637558,0.13196465295637558,0.2221996510712005
3135,room02_rack_it_022,22,room02,6,16,6,16,room02_cdz1,6,cold_plate_cdu_wshp_plus_air,0.08425778097815151,0.13196465295637558,0.13196465295637558,0.2365022420862125
3135,room02_rack_it_023,23,room02,6,15,6,15,room02_cdz1,6,cold_plate_cdu_wshp_plus_air,0.06617717416574752,0.13196465295637558,0.13196465295637558,0.3565982168125001
3135,room02_rack_it_024,24,room02,6,14,6,14,room02_cdz1,6,cold_plate_cdu_wshp_plus_air,0.07352453837425413,0.13196465295637558,0.13196465295637558,0.3895677234061031
3135,room02_rack_it_025,25,room02,6,12,6,12,room02_cdz2,5,rdhx_wshp,0.2110288824192894,0.12804953229399968,0.12804953229399968,0.4485240300183728
3135,room02_rack_it_026,26,room02,6,11,6,11,room02_cdz2,5,rdhx_wshp,0.15897266913657704,0.12804953229399968,0.12804953229399968,0.4847064346184782
3135,room02_rack_it_027,27,room02,6,10,6,10,room02_cdz2,5,rdhx_wshp,0.24766294700275904,0.12804953229399968,0.12804953229399968,0.4680341227527849
3135,room02_rack_it_028,28,room02,6,9,6,9,room02_cdz2,5,rdhx_wshp,0.08257241959410329,0.12804953229399968,0.12804953229399968,0.3953218832822555
3135,room02_rack_it_029,29,room02,6,7,6,7,room02_cdz3,6,cold_plate_cdu_wshp_plus_air,0.21715572132021227,0.12605107706077914,0.12605107706077914,0.3817397314631037
3135,room02_rack_it_030,30,room02,6,6,6,6,room02_cdz3,6,cold_plate_cdu_wshp_plus_air,0.1474603423460666,0.12605107706077914,0.12605107706077914,0.4185549507016776
3135,room02_rack_it_031,31,room02,6,5,6,5,room02_cdz3,6,cold_plate_cdu_wshp_plus_air,0.062784797442835,0.12605107706077914,0.12605107706077914,0.436148164161136
3135,room02_rack_it_032,32,room02,6,4,6,4,room02_cdz4,5,rdhx_wshp,0.2202089376544672,0.20520867696392747,0.20520867696392747,0.2647939343541334
3135,room02_rack_it_033,33,room02,10,20,10,20,room02_cdz1,6,cold_plate_cdu_wshp_plus_air,0.14683873625211685,0.13196465295637558,0.13196465295637558,0.2732277592632678
3135,room02_rack_it_034,34,room02,10,19,10,19,room02_cdz1,6,cold_plate_cdu_wshp_plus_air,0.06770795299075055,0.13196465295637558,0.13196465295637558,0.314627970051962
3135,room02_rack_it_035,35,room02,10,18,10,18,room02_cdz1,6,cold_plate_cdu_wshp_plus_air,0.18905896517593018,0.13196465295637558,0.13196465295637558,0.3345744887835931
3135,room02_rack_it_036,36,room02,10,17,10,17,room02_cdz1,6,cold_plate_cdu_wshp_plus_air,0.1984102490517738,0.13196465295637558,0.13196465295637558,0.3055446481639771
3135,room02_rack_it_037,37,room02,10,16,10,16,room02_cdz1,6,cold_plate_cdu_wshp_plus_air,0.19469196370840142,0.13196465295637558,0.13196465295637558,0.2832597476682479
3135,room02_rack_it_038,38,room02,10,15,10,15,room02_cdz1,6,cold_plate_cdu_wshp_plus_air,0.10117453269961717,0.13196465295637558,0.13196465295637558,0.2665072970729072
3135,room02_rack_it_039,39,room02,10,14,10,14,room02_cdz1,6,cold_plate_cdu_wshp_plus_air,0.07029211551912123,0.13196465295637558,0.13196465295637558,0.2848973885888984
3135,room02_rack_it_040,40,room02,10,13,10,13,room02_cdz2,5,rdhx_wshp,0.14094806634882467,0.12804953229399968,0.12804953229399968,0.2964821426334723
3135,room02_rack_it_041,41,room02,10,12,10,12,room02_cdz2,5,rdhx_wshp,0.19687142756202575,0.12804953229399968,0.12804953229399968,0.3259756548376771
3135,room02_rack_it_042,42,room02,10,11,10,11,room02_cdz2,5,rdhx_wshp,0.22911966217103524,0.12804953229399968,0.12804953229399968,0.4391080833451882
3135,room02_rack_it_043,43,room02,10,10,10,10,room02_cdz2,5,rdhx_wshp,0.17407019356039372,0.12804953229399968,0.12804953229399968,0.3553729153152285
3135,room02_rack_it_044,44,room02,10,9,10,9,room02_cdz2,5,rdhx_wshp,0.15982000482616748,0.12804953229399968,0.12804953229399968,0.4145147985459335
3135,room02_rack_it_045,45,room02,10,7,10,7,room02_cdz4,5,rdhx_wshp,0.1961249153030704,0.20520867696392747,0.20520867696392747,0.4208642633190416
3135,room02_rack_it_046,46,room02,10,6,10,6,room02_cdz4,5,rdhx_wshp,0.1303514519006273,0.20520867696392747,0.20520867696392747,0.3847204124058177
3135,room02_rack_it_047,47,room02,10,5,10,5,room02_cdz4,5,rdhx_wshp,0.19976260119497719,0.20520867696392747,0.20520867696392747,0.4243147535558319
3135,room02_rack_it_048,48,room02,10,4,10,4,room02_cdz4,5,rdhx_wshp,0.14191636817335562,0.20520867696392747,0.20520867696392747,0.739942429161037
3135,room03_rack_it_000,0,room03,2,21,2,21,room03_cdz5,1,new_ac,0.15092191381562647,0.2205763786009119,0.2205763786009119,0.0115755627009646
3135,room03_rack_it_001,1,room03,2,20,2,20,room03_cdz5,1,new_ac,0.05978823749053841,0.2205763786009119,0.2205763786009119,0.2179614296749559
3135,room03_rack_it_002,2,room03,2,19,2,19,room03_cdz5,1,new_ac,0.16128349632668454,0.2205763786009119,0.2205763786009119,0.2365532648320021
3135,room03_rack_it_003,3,room03,2,18,2,18,room03_cdz5,1,new_ac,0.18757839887830646,0.2205763786009119,0.2205763786009119,0.3016426149736237
3135,room03_rack_it_004,4,room03,2,17,2,17,room03_cdz5,1,new_ac,0.14115204615877955,0.2205763786009119,0.2205763786009119,0.3523937721604044
3135,room03_rack_it_005,5,room03,2,16,2,16,room03_cdz5,1,new_ac,0.06990558353226609,0.2205763786009119,0.2205763786009119,0.3857644304581489
3135,room03_rack_it_006,6,room03,2,15,2,15,room03_cdz5,1,new_ac,0.14314372040765672,0.2205763786009119,0.2205763786009119,0.3719511069872022
3135,room03_rack_it_007,7,room03,2,14,2,14,room03_cdz5,1,new_ac,0.1262503136323676,0.2205763786009119,0.2205763786009119,0.3809206887283984
3135,room03_rack_it_008,8,room03,2,13,2,13,room03_cdz5,1,new_ac,0.10279245299019923,0.2205763786009119,0.2205763786009119,0.3765775232764533
3135,room03_rack_it_009,9,room03,2,12,2,12,room03_cdz5,1,new_ac,0.1193783168801324,0.2205763786009119,0.2205763786009119,0.4990344193272917
3135,room03_rack_it_010,10,room03,2,11,2,11,room03_cdz5,1,new_ac,0.2308336062494198,0.2205763786009119,0.2205763786009119,0.6930309378556903
3135,room03_rack_it_011,11,room03,2,10,2,10,room03_cdz5,1,new_ac,0.0801709902578563,0.2205763786009119,0.2205763786009119,0.5559571765081216
3135,room03_rack_it_012,12,room03,2,9,2,9,room03_cdz5,1,new_ac,0.11204775244752646,0.2205763786009119,0.2205763786009119,0.5362069537954202
3135,room03_rack_it_013,13,room03,2,8,2,8,room03_cdz5,1,new_ac,0.09413710025342203,0.2205763786009119,0.2205763786009119,0.5085421030093904
3135,room03_rack_it_014,14,room03,2,7,2,7,room03_cdz5,1,new_ac,0.06049710188618465,0.2205763786009119,0.2205763786009119,0.4531478019804122
3135,room03_rack_it_015,15,room03,2,6,2,6,room03_cdz5,1,new_ac,0.15597257331375275,0.2205763786009119,0.2205763786009119,0.5590628935532207
3135,room03_rack_it_016,16,room03,2,5,2,5,room03_cdz5,1,new_ac,0.09654541890268759,0.2205763786009119,0.2205763786009119,0.5880255761481263
3135,room03_rack_it_017,17,room03,2,4,2,4,room03_cdz6,2,new_ac_with_ashp,0.12602582993687583,0.12549823513743774,0.12549823513743774,0.7906606617874306
3135,room03_rack_it_018,18,room03,6,20,6,20,room03_cdz1,2,new_ac_with_ashp,0.09420977911096035,0.21518768816311917,0.21518768816311917,0.2450543085088081
3135,room03_rack_it_019,19,room03,6,19,6,19,room03_cdz1,2,new_ac_with_ashp,0.23021671737040733,0.21518768816311917,0.21518768816311917,0.2810534486215867
3135,room03_rack_it_020,20,room03,6,18,6,18,room03_cdz1,2,new_ac_with_ashp,0.1403817748401026,0.21518768816311917,0.21518768816311917,0.2898612400925087
3135,room03_rack_it_021,21,room03,6,17,6,17,room03_cdz1,2,new_ac_with_ashp,0.1584370947466176,0.21518768816311917,0.21518768816311917,0.2221996510712005
3135,room03_rack_it_022,22,room03,6,16,6,16,room03_cdz1,2,new_ac_with_ashp,0.17791323948290477,0.21518768816311917,0.21518768816311917,0.2365022420862125
3135,room03_rack_it_023,23,room03,6,15,6,15,room03_cdz1,2,new_ac_with_ashp,0.16439773889316625,0.21518768816311917,0.21518768816311917,0.3565982168125001
3135,room03_rack_it_024,24,room03,6,14,6,14,room03_cdz1,2,new_ac_with_ashp,0.21471222161109343,0.21518768816311917,0.21518768816311917,0.3895677234061031
3135,room03_rack_it_025,25,room03,6,12,6,12,room03_cdz2,4,cold_plate_cdu_wshp,0.07986838940773605,0.22460250817289373,0.22460250817289373,0.4485240300183728
3135,room03_rack_it_026,26,room03,6,11,6,11,room03_cdz2,4,cold_plate_cdu_wshp,0.16958963452564374,0.22460250817289373,0.22460250817289373,0.4847064346184782
3135,room03_rack_it_027,27,room03,6,10,6,10,room03_cdz2,4,cold_plate_cdu_wshp,0.18064242216623122,0.22460250817289373,0.22460250817289373,0.4680341227527849
3135,room03_rack_it_028,28,room03,6,9,6,9,room03_cdz2,4,cold_plate_cdu_wshp,0.1400994576460129,0.22460250817289373,0.22460250817289373,0.3953218832822555
3135,room03_rack_it_029,29,room03,6,7,6,7,room03_cdz3,3,new_ac_high_efficiency,0.14072025095854696,0.12976407996504435,0.12976407996504435,0.3817397314631037
3135,room03_rack_it_030,30,room03,6,6,6,6,room03_cdz3,3,new_ac_high_efficiency,0.06751309848513201,0.12976407996504435,0.12976407996504435,0.4185549507016776
3135,room03_rack_it_031,31,room03,6,5,6,5,room03_cdz3,3,new_ac_high_efficiency,0.24554432707754376,0.12976407996504435,0.12976407996504435,0.436148164161136
3135,room03_rack_it_032,32,room03,6,4,6,4,room03_cdz4,5,rdhx_wshp,0.07409849144758321,0.08788161128096536,0.08788161128096536,0.2647939343541334
3135,room03_rack_it_033,33,room03,10,20,10,20,room03_cdz1,2,new_ac_with_ashp,0.08812739088545321,0.21518768816311917,0.21518768816311917,0.2732277592632678
3135,room03_rack_it_034,34,room03,10,19,10,19,room03_cdz1,2,new_ac_with_ashp,0.22841153836789407,0.21518768816311917,0.21518768816311917,0.314627970051962
3135,room03_rack_it_035,35,room03,10,18,10,18,room03_cdz1,2,new_ac_with_ashp,0.18385902755860611,0.21518768816311917,0.21518768816311917,0.3345744887835931
3135,room03_rack_it_036,36,room03,10,17,10,17,room03_cdz1,2,new_ac_with_ashp,0.07063018210749739,0.21518768816311917,0.21518768816311917,0.3055446481639771
3135,room03_rack_it_037,37,room03,10,16,10,16,room03_cdz1,2,new_ac_with_ashp,0.06275160563382064,0.21518768816311917,0.21518768816311917,0.2832597476682479
3135,room03_rack_it_038,38,room03,10,15,10,15,room03_cdz1,2,new_ac_with_ashp,0.054986583304313746,0.21518768816311917,0.21518768816311917,0.2665072970729072
3135,room03_rack_it_039,39,room03,10,14,10,14,room03_cdz1,2,new_ac_with_ashp,0.16808511987963962,0.21518768816311917,0.21518768816311917,0.2848973885888984
3135,room03_rack_it_040,40,room03,10,13,10,13,room03_cdz2,4,cold_plate_cdu_wshp,0.09305111549512741,0.22460250817289373,0.22460250817289373,0.2964821426334723
3135,room03_rack_it_041,41,room03,10,12,10,12,room03_cdz2,4,cold_plate_cdu_wshp,0.19900456777521258,0.22460250817289373,0.22460250817289373,0.3259756548376771
3135,room03_rack_it_042,42,room03,10,11,10,11,room03_cdz2,4,cold_plate_cdu_wshp,0.20221289618388127,0.22460250817289373,0.22460250817289373,0.4391080833451882
3135,room03_rack_it_043,43,room03,10,10,10,10,room03_cdz2,4,cold_plate_cdu_wshp,0.10418902208608667,0.22460250817289373,0.22460250817289373,0.3553729153152285
3135,room03_rack_it_044,44,room03,10,9,10,9,room03_cdz2,4,cold_plate_cdu_wshp,0.10822961020104085,0.22460250817289373,0.22460250817289373,0.4145147985459335
3135,room03_rack_it_045,45,room03,10,7,10,7,room03_cdz4,5,rdhx_wshp,0.08384053839403241,0.08788161128096536,0.08788161128096536,0.4208642633190416
3135,room03_rack_it_046,46,room03,10,6,10,6,room03_cdz4,5,rdhx_wshp,0.18105912023630494,0.08788161128096536,0.08788161128096536,0.3847204124058177
3135,room03_rack_it_047,47,room03,10,5,10,5,room03_cdz4,5,rdhx_wshp,0.1332097921539177,0.08788161128096536,0.08788161128096536,0.4243147535558319
3135,room03_rack_it_048,48,room03,10,4,10,4,room03_cdz4,5,rdhx_wshp,0.15978996422459302,0.08788161128096536,0.08788161128096536,0.739942429161037
3135,room04_rack_it_000,0,room04,2,21,2,21,room04_cdz5,4,cold_plate_cdu_wshp,0.15608267230712958,0.12974762469255383,0.12974762469255383,0.0115755627009646
3135,room04_rack_it_001,1,room04,2,20,2,20,room04_cdz5,4,cold_plate_cdu_wshp,0.1771027353270782,0.12974762469255383,0.12974762469255383,0.2179614296749559
3135,room04_rack_it_002,2,room04,2,19,2,19,room04_cdz5,4,cold_plate_cdu_wshp,0.08617392591996095,0.12974762469255383,0.12974762469255383,0.2365532648320021
3135,room04_rack_it_003,3,room04,2,18,2,18,room04_cdz5,4,cold_plate_cdu_wshp,0.1942424118239296,0.12974762469255383,0.12974762469255383,0.3016426149736237
3135,room04_rack_it_004,4,room04,2,17,2,17,room04_cdz5,4,cold_plate_cdu_wshp,0.11796981094187237,0.12974762469255383,0.12974762469255383,0.3523937721604044
3135,room04_rack_it_005,5,room04,2,16,2,16,room04_cdz5,4,cold_plate_cdu_wshp,0.20179190003304415,0.12974762469255383,0.12974762469255383,0.3857644304581489
3135,room04_rack_it_006,6,room04,2,15,2,15,room04_cdz5,4,cold_plate_cdu_wshp,0.06291233955345032,0.12974762469255383,0.12974762469255383,0.3719511069872022
3135,room04_rack_it_007,7,room04,2,14,2,14,room04_cdz5,4,cold_plate_cdu_wshp,0.11285300991807395,0.12974762469255383,0.12974762469255383,0.3809206887283984
3135,room04_rack_it_008,8,room04,2,13,2,13,room04_cdz5,4,cold_plate_cdu_wshp,0.0716218367493982,0.12974762469255383,0.12974762469255383,0.3765775232764533
3135,room04_rack_it_009,9,room04,2,12,2,12,room04_cdz5,4,cold_plate_cdu_wshp,0.1250900786377436,0.12974762469255383,0.12974762469255383,0.4990344193272917
3135,room04_rack_it_010,10,room04,2,11,2,11,room04_cdz5,4,cold_plate_cdu_wshp,0.20082704421449,0.12974762469255383,0.12974762469255383,0.6930309378556903
3135,room04_rack_it_011,11,room04,2,10,2,10,room04_cdz5,4,cold_plate_cdu_wshp,0.17806544724666012,0.12974762469255383,0.12974762469255383,0.5559571765081216
3135,room04_rack_it_012,12,room04,2,9,2,9,room04_cdz5,4,cold_plate_cdu_wshp,0.21143332806823256,0.12974762469255383,0.12974762469255383,0.5362069537954202
3135,room04_rack_it_013,13,room04,2,8,2,8,room04_cdz5,4,cold_plate_cdu_wshp,0.15478354450869025,0.12974762469255383,0.12974762469255383,0.5085421030093904
3135,room04_rack_it_014,14,room04,2,7,2,7,room04_cdz5,4,cold_plate_cdu_wshp,0.12130942987170651,0.12974762469255383,0.12974762469255383,0.4531478019804122
3135,room04_rack_it_015,15,room04,2,6,2,6,room04_cdz5,4,cold_plate_cdu_wshp,0.21333299759157737,0.12974762469255383,0.12974762469255383,0.5590628935532207
3135,room04_rack_it_016,16,room04,2,5,2,5,room04_cdz5,4,cold_plate_cdu_wshp,0.08972043355670732,0.12974762469255383,0.12974762469255383,0.5880255761481263
3135,room04_rack_it_017,17,room04,2,4,2,4,room04_cdz6,4,cold_plate_cdu_wshp,0.20925386546200153,0.08095576803863085,0.08095576803863085,0.7906606617874306
3135,room04_rack_it_018,18,room04,6,20,6,20,room04_cdz1,5,rdhx_wshp,0.23452230249253975,0.19701360082890046,0.19701360082890046,0.2450543085088081
3135,room04_rack_it_019,19,room04,6,19,6,19,room04_cdz1,5,rdhx_wshp,0.21923982097733596,0.19701360082890046,0.19701360082890046,0.2810534486215867
3135,room04_rack_it_020,20,room04,6,18,6,18,room04_cdz1,5,rdhx_wshp,0.2411557824052784,0.19701360082890046,0.19701360082890046,0.2898612400925087
3135,room04_rack_it_021,21,room04,6,17,6,17,room04_cdz1,5,rdhx_wshp,0.148887368782374,0.19701360082890046,0.19701360082890046,0.2221996510712005
3135,room04_rack_it_022,22,room04,6,16,6,16,room04_cdz1,5,rdhx_wshp,0.13058243454621665,0.19701360082890046,0.19701360082890046,0.2365022420862125
3135,room04_rack_it_023,23,room04,6,15,6,15,room04_cdz1,5,rdhx_wshp,0.15479730150183335,0.19701360082890046,0.19701360082890046,0.3565982168125001
3135,room04_rack_it_024,24,room04,6,14,6,14,room04_cdz1,5,rdhx_wshp,0.17973315170260046,0.19701360082890046,0.19701360082890046,0.3895677234061031
3135,room04_rack_it_025,25,room04,6,12,6,12,room04_cdz2,5,rdhx_wshp,0.15219601464923743,0.17399808657403393,0.17399808657403393,0.4485240300183728
3135,room04_rack_it_026,26,room04,6,11,6,11,room04_cdz2,5,rdhx_wshp,0.15855544656946124,0.17399808657403393,0.17399808657403393,0.4847064346184782
3135,room04_rack_it_027,27,room04,6,10,6,10,room04_cdz2,5,rdhx_wshp,0.07444796005570141,0.17399808657403393,0.17399808657403393,0.4680341227527849
3135,room04_rack_it_028,28,room04,6,9,6,9,room04_cdz2,5,rdhx_wshp,0.10355966492750544,0.17399808657403393,0.17399808657403393,0.3953218832822555
3135,room04_rack_it_029,29,room04,6,7,6,7,room04_cdz3,1,new_ac,0.1742503607435087,0.12144623408941413,0.12144623408941413,0.3817397314631037
3135,room04_rack_it_030,30,room04,6,6,6,6,room04_cdz3,1,new_ac,0.09270642266807345,0.12144623408941413,0.12144623408941413,0.4185549507016776
3135,room04_rack_it_031,31,room04,6,5,6,5,room04_cdz3,1,new_ac,0.08818371062099234,0.12144623408941413,0.12144623408941413,0.436148164161136
3135,room04_rack_it_032,32,room04,6,4,6,4,room04_cdz4,1,new_ac,0.223570669311569,0.1338738618731268,0.1338738618731268,0.2647939343541334
3135,room04_rack_it_033,33,room04,10,20,10,20,room04_cdz1,5,rdhx_wshp,0.18500891799748614,0.19701360082890046,0.19701360082890046,0.2732277592632678
3135,room04_rack_it_034,34,room04,10,19,10,19,room04_cdz1,5,rdhx_wshp,0.1097903995187604,0.19701360082890046,0.19701360082890046,0.314627970051962
3135,room04_rack_it_035,35,room04,10,18,10,18,room04_cdz1,5,rdhx_wshp,0.10350932261093637,0.19701360082890046,0.19701360082890046,0.3345744887835931
3135,room04_rack_it_036,36,room04,10,17,10,17,room04_cdz1,5,rdhx_wshp,0.07014249342082313,0.19701360082890046,0.19701360082890046,0.3055446481639771
3135,room04_rack_it_037,37,room04,10,16,10,16,room04_cdz1,5,rdhx_wshp,0.15146717961045264,0.19701360082890046,0.19701360082890046,0.2832597476682479
3135,room04_rack_it_038,38,room04,10,15,10,15,room04_cdz1,5,rdhx_wshp,0.1197130308645072,0.19701360082890046,0.19701360082890046,0.2665072970729072
3135,room04_rack_it_039,39,room04,10,14,10,14,room04_cdz1,5,rdhx_wshp,0.12724643784105616,0.19701360082890046,0.19701360082890046,0.2848973885888984
3135,room04_rack_it_040,40,room04,10,13,10,13,room04_cdz2,5,rdhx_wshp,0.11406431207452056,0.17399808657403393,0.17399808657403393,0.2964821426334723
3135,room04_rack_it_041,41,room04,10,12,10,12,room04_cdz2,5,rdhx_wshp,0.18622937407363999,0.17399808657403393,0.17399808657403393,0.3259756548376771
3135,room04_rack_it_042,42,room04,10,11,10,11,room04_cdz2,5,rdhx_wshp,0.16987016459399712,0.17399808657403393,0.17399808657403393,0.4391080833451882
3135,room04_rack_it_043,43,room04,10,10,10,10,room04_cdz2,5,rdhx_wshp,0.10922358843969311,0.17399808657403393,0.17399808657403393,0.3553729153152285
3135,room04_rack_it_044,44,room04,10,9,10,9,room04_cdz2,5,rdhx_wshp,0.12861564421845995,0.17399808657403393,0.17399808657403393,0.4145147985459335
3135,room04_rack_it_045,45,room04,10,7,10,7,room04_cdz4,1,new_ac,0.13956766000878862,0.1338738618731268,0.1338738618731268,0.4208642633190416
3135,room04_rack_it_046,46,room04,10,6,10,6,room04_cdz4,1,new_ac,0.23684291793939,0.1338738618731268,0.1338738618731268,0.3847204124058177
3135,room04_rack_it_047,47,room04,10,5,10,5,room04_cdz4,1,new_ac,0.19777886286857788,0.1338738618731268,0.1338738618731268,0.4243147535558319
3135,room04_rack_it_048,48,room04,10,4,10,4,room04_cdz4,1,new_ac,0.07101087236460513,0.1338738618731268,0.1338738618731268,0.739942429161037
3135,room05_rack_it_000,0,room05,2,21,2,21,room05_cdz5,4,cold_plate_cdu_wshp,0.1627813870761371,0.09325911564437414,0.09325911564437414,0.0115755627009646
3135,room05_rack_it_001,1,room05,2,20,2,20,room05_cdz5,4,cold_plate_cdu_wshp,0.20872318297127695,0.09325911564437414,0.09325911564437414,0.2179614296749559
3135,room05_rack_it_002,2,room05,2,19,2,19,room05_cdz5,4,cold_plate_cdu_wshp,0.18680739483844883,0.09325911564437414,0.09325911564437414,0.2365532648320021
3135,room05_rack_it_003,3,room05,2,18,2,18,room05_cdz5,4,cold_plate_cdu_wshp,0.07534184031966458,0.09325911564437414,0.09325911564437414,0.3016426149736237
3135,room05_rack_it_004,4,room05,2,17,2,17,room05_cdz5,4,cold_plate_cdu_wshp,0.13254935864293882,0.09325911564437414,0.09325911564437414,0.3523937721604044
3135,room05_rack_it_005,5,room05,2,16,2,16,room05_cdz5,4,cold_plate_cdu_wshp,0.05115070438820064,0.09325911564437414,0.09325911564437414,0.3857644304581489
3135,room05_rack_it_006,6,room05,2,15,2,15,room05_cdz5,4,cold_plate_cdu_wshp,0.1608258677117182,0.09325911564437414,0.09325911564437414,0.3719511069872022
3135,room05_rack_it_007,7,room05,2,14,2,14,room05_cdz5,4,cold_plate_cdu_wshp,0.10087572184986614,0.09325911564437414,0.09325911564437414,0.3809206887283984
3135,room05_rack_it_008,8,room05,2,13,2,13,room05_cdz5,4,cold_plate_cdu_wshp,0.09415515260342854,0.09325911564437414,0.09325911564437414,0.3765775232764533
3135,room05_rack_it_009,9,room05,2,12,2,12,room05_cdz5,4,cold_plate_cdu_wshp,0.1227178309449023,0.09325911564437414,0.09325911564437414,0.4990344193272917
3135,room05_rack_it_010,10,room05,2,11,2,11,room05_cdz5,4,cold_plate_cdu_wshp,0.2065850729910756,0.09325911564437414,0.09325911564437414,0.6930309378556903
3135,room05_rack_it_011,11,room05,2,10,2,10,room05_cdz5,4,cold_plate_cdu_wshp,0.06311894879718623,0.09325911564437414,0.09325911564437414,0.5559571765081216
3135,room05_rack_it_012,12,room05,2,9,2,9,room05_cdz5,4,cold_plate_cdu_wshp,0.1399713874769483,0.09325911564437414,0.09325911564437414,0.5362069537954202
3135,room05_rack_it_013,13,room05,2,8,2,8,room05_cdz5,4,cold_plate_cdu_wshp,0.2340585697808199,0.09325911564437414,0.09325911564437414,0.5085421030093904
3135,room05_rack_it_014,14,room05,2,7,2,7,room05_cdz5,4,cold_plate_cdu_wshp,0.16116802777066103,0.09325911564437414,0.09325911564437414,0.4531478019804122
3135,room05_rack_it_015,15,room05,2,6,2,6,room05_cdz5,4,cold_plate_cdu_wshp,0.19874510928717226,0.09325911564437414,0.09325911564437414,0.5590628935532207
3135,room05_rack_it_016,16,room05,2,5,2,5,room05_cdz5,4,cold_plate_cdu_wshp,0.08139835273743168,0.09325911564437414,0.09325911564437414,0.5880255761481263
3135,room05_rack_it_017,17,room05,2,4,2,4,room05_cdz6,1,new_ac,0.0880011498713095,0.15185976002225854,0.15185976002225854,0.7906606617874306
3135,room05_rack_it_018,18,room05,6,20,6,20,room05_cdz1,6,cold_plate_cdu_wshp_plus_air,0.20745020715211804,0.17370725217827454,0.17370725217827454,0.2450543085088081
3135,room05_rack_it_019,19,room05,6,19,6,19,room05_cdz1,6,cold_plate_cdu_wshp_plus_air,0.14060675488405075,0.17370725217827454,0.17370725217827454,0.2810534486215867
3135,room05_rack_it_020,20,room05,6,18,6,18,room05_cdz1,6,cold_plate_cdu_wshp_plus_air,0.05700360696770064,0.17370725217827454,0.17370725217827454,0.2898612400925087
3135,room05_rack_it_021,21,room05,6,17,6,17,room05_cdz1,6,cold_plate_cdu_wshp_plus_air,0.19431532143013958,0.17370725217827454,0.17370725217827454,0.2221996510712005
3135,room05_rack_it_022,22,room05,6,16,6,16,room05_cdz1,6,cold_plate_cdu_wshp_plus_air,0.11631653357894373,0.17370725217827454,0.17370725217827454,0.2365022420862125
3135,room05_rack_it_023,23,room05,6,15,6,15,room05_cdz1,6,cold_plate_cdu_wshp_plus_air,0.2127539230577784,0.17370725217827454,0.17370725217827454,0.3565982168125001
3135,room05_rack_it_024,24,room05,6,14,6,14,room05_cdz1,6,cold_plate_cdu_wshp_plus_air,0.06396167066357222,0.17370725217827454,0.17370725217827454,0.3895677234061031
3135,room05_rack_it_025,25,room05,6,12,6,12,room05_cdz2,5,rdhx_wshp,0.2081950035025507,0.11675408179127872,0.11675408179127872,0.4485240300183728
3135,room05_rack_it_026,26,room05,6,11,6,11,room05_cdz2,5,rdhx_wshp,0.23699260707653963,0.11675408179127872,0.11675408179127872,0.4847064346184782
3135,room05_rack_it_027,27,room05,6,10,6,10,room05_cdz2,5,rdhx_wshp,0.16570076939320982,0.11675408179127872,0.11675408179127872,0.4680341227527849
3135,room05_rack_it_028,28,room05,6,9,6,9,room05_cdz2,5,rdhx_wshp,0.05499087159773715,0.11675408179127872,0.11675408179127872,0.3953218832822555
3135,room05_rack_it_029,29,room05,6,7,6,7,room05_cdz3,3,new_ac_high_efficiency,0.20720332364363797,0.21246913336473416,0.21246913336473416,0.3817397314631037
3135,room05_rack_it_030,30,room05,6,6,6,6,room05_cdz3,3,new_ac_high_efficiency,0.0878301980587132,0.21246913336473416,0.21246913336473416,0.4185549507016776
3135,room05_rack_it_031,31,room05,6,5,6,5,room05_cdz3,3,new_ac_high_efficiency,0.10046962537411382,0.21246913336473416,0.21246913336473416,0.436148164161136
3135,room05_rack_it_032,32,room05,6,4,6,4,room05_cdz4,6,cold_plate_cdu_wshp_plus_air,0.14862909340254815,0.21666211887731912,0.21666211887731912,0.2647939343541334
3135,room05_rack_it_033,33,room05,10,20,10,20,room05_cdz1,6,cold_plate_cdu_wshp_plus_air,0.24782980038978886,0.17370725217827454,0.17370725217827454,0.2732277592632678
3135,room05_rack_it_034,34,room05,10,19,10,19,room05_cdz1,6,cold_plate_cdu_wshp_plus_air,0.12172173235948901,0.17370725217827454,0.17370725217827454,0.314627970051962
3135,room05_rack_it_035,35,room05,10,18,10,18,room05_cdz1,6,cold_plate_cdu_wshp_plus_air,0.1515038691210478,0.17370725217827454,0.17370725217827454,0.3345744887835931
3135,room05_rack_it_036,36,room05,10,17,10,17,room05_cdz1,6,cold_plate_cdu_wshp_plus_air,0.07224993322813984,0.17370725217827454,0.17370725217827454,0.3055446481639771
3135,room05_rack_it_037,37,room05,10,16,10,16,room05_cdz1,6,cold_plate_cdu_wshp_plus_air,0.24637278040975413,0.17370725217827454,0.17370725217827454,0.2832597476682479
3135,room05_rack_it_038,38,room05,10,15,10,15,room05_cdz1,6,cold_plate_cdu_wshp_plus_air,0.14705334520410165,0.17370725217827454,0.17370725217827454,0.2665072970729072
3135,room05_rack_it_039,39,room05,10,14,10,14,room05_cdz1,6,cold_plate_cdu_wshp_plus_air,0.15646086398174058,0.17370725217827454,0.17370725217827454,0.2848973885888984
3135,room05_rack_it_040,40,room05,10,13,10,13,room05_cdz2,5,rdhx_wshp,0.22077281827000733,0.11675408179127872,0.11675408179127872,0.2964821426334723
3135,room05_rack_it_041,41,room05,10,12,10,12,room05_cdz2,5,rdhx_wshp,0.10370511661737469,0.11675408179127872,0.11675408179127872,0.3259756548376771
3135,room05_rack_it_042,42,room05,10,11,10,11,room05_cdz2,5,rdhx_wshp,0.20316251855104622,0.11675408179127872,0.11675408179127872,0.4391080833451882
3135,room05_rack_it_043,43,room05,10,10,10,10,room05_cdz2,5,rdhx_wshp,0.09808334531815217,0.11675408179127872,0.11675408179127872,0.3553729153152285
3135,room05_rack_it_044,44,room05,10,9,10,9,room05_cdz2,5,rdhx_wshp,0.06072593136321023,0.11675408179127872,0.11675408179127872,0.4145147985459335
3135,room05_rack_it_045,45,room05,10,7,10,7,room05_cdz4,6,cold_plate_cdu_wshp_plus_air,0.16920298655321545,0.21666211887731912,0.21666211887731912,0.4208642633190416
3135,room05_rack_it_046,46,room05,10,6,10,6,room05_cdz4,6,cold_plate_cdu_wshp_plus_air,0.10850752007248775,0.21666211887731912,0.21666211887731912,0.3847204124058177
3135,room05_rack_it_047,47,room05,10,5,10,5,room05_cdz4,6,cold_plate_cdu_wshp_plus_air,0.23745281366863702,0.21666211887731912,0.21666211887731912,0.4243147535558319
3135,room05_rack_it_048,48,room05,10,4,10,4,room05_cdz4,6,cold_plate_cdu_wshp_plus_air,0.14226603331505963,0.21666211887731912,0.21666211887731912,0.739942429161037
